# CBO's own STATUTORY TAX PARAMETER SCHEDULE, by calendar year, by vintage.
#
# Generated by scripts/fetch_cbo_tax_parameters.py. Do not hand-edit: rerun the
# script, which verifies each source file's SHA-256 against a pinned commit and
# re-checks the statutory identities before writing anything.
#
# Source of record: https://github.com/US-CBO/cbo-data at commit 284a95665f9f2f74ed1f482feb629b43fce323da (2026-06-12),
# file data/budget/tax_parameters/annual_cy_<edition>.csv, one edition per
# vintage. CBO publication 53724, "Tax Parameters and Effective Marginal Tax
# Rates". Public domain (17 U.S.C. 105).
#
# Transcribed VERBATIM - every variable CBO publishes, not a subset - so that
# the relationship between this file and the upstream one is checkable rather
# than asserted. Most of these series are wired to nothing today; see
# fiscal_model/cbo_tax_parameters.py for what reads which.
#
# Per-vintage provenance, including which vintages are an exact edition match
# and which are not, is in PROVENANCE.csv beside this file.
vintage,calendar_year,variable,value
cbo_feb_2024,2021,tp_additional_deduction_mfj_mfs,1350.0
cbo_feb_2024,2022,tp_additional_deduction_mfj_mfs,1400.0
cbo_feb_2024,2023,tp_additional_deduction_mfj_mfs,1500.0
cbo_feb_2024,2024,tp_additional_deduction_mfj_mfs,1550.0
cbo_feb_2024,2025,tp_additional_deduction_mfj_mfs,1600.0
cbo_feb_2024,2026,tp_additional_deduction_mfj_mfs,1650.0
cbo_feb_2024,2027,tp_additional_deduction_mfj_mfs,1700.0
cbo_feb_2024,2028,tp_additional_deduction_mfj_mfs,1700.0
cbo_feb_2024,2029,tp_additional_deduction_mfj_mfs,1750.0
cbo_feb_2024,2030,tp_additional_deduction_mfj_mfs,1800.0
cbo_feb_2024,2031,tp_additional_deduction_mfj_mfs,1800.0
cbo_feb_2024,2032,tp_additional_deduction_mfj_mfs,1850.0
cbo_feb_2024,2033,tp_additional_deduction_mfj_mfs,1900.0
cbo_feb_2024,2034,tp_additional_deduction_mfj_mfs,1950.0
cbo_feb_2024,2021,tp_additional_deduction_single_hoh,1700.0
cbo_feb_2024,2022,tp_additional_deduction_single_hoh,1750.0
cbo_feb_2024,2023,tp_additional_deduction_single_hoh,1850.0
cbo_feb_2024,2024,tp_additional_deduction_single_hoh,1950.0
cbo_feb_2024,2025,tp_additional_deduction_single_hoh,2000.0
cbo_feb_2024,2026,tp_additional_deduction_single_hoh,2050.0
cbo_feb_2024,2027,tp_additional_deduction_single_hoh,2100.0
cbo_feb_2024,2028,tp_additional_deduction_single_hoh,2150.0
cbo_feb_2024,2029,tp_additional_deduction_single_hoh,2200.0
cbo_feb_2024,2030,tp_additional_deduction_single_hoh,2250.0
cbo_feb_2024,2031,tp_additional_deduction_single_hoh,2300.0
cbo_feb_2024,2032,tp_additional_deduction_single_hoh,2300.0
cbo_feb_2024,2033,tp_additional_deduction_single_hoh,2350.0
cbo_feb_2024,2034,tp_additional_deduction_single_hoh,2400.0
cbo_feb_2024,2021,tp_amt_bracket_2_hoh,199900.0
cbo_feb_2024,2022,tp_amt_bracket_2_hoh,206100.0
cbo_feb_2024,2023,tp_amt_bracket_2_hoh,220700.0
cbo_feb_2024,2024,tp_amt_bracket_2_hoh,232600.0
cbo_feb_2024,2025,tp_amt_bracket_2_hoh,239800.0
cbo_feb_2024,2026,tp_amt_bracket_2_hoh,245400.0
cbo_feb_2024,2027,tp_amt_bracket_2_hoh,250300.0
cbo_feb_2024,2028,tp_amt_bracket_2_hoh,255100.0
cbo_feb_2024,2029,tp_amt_bracket_2_hoh,260000.0
cbo_feb_2024,2030,tp_amt_bracket_2_hoh,265100.0
cbo_feb_2024,2031,tp_amt_bracket_2_hoh,270400.0
cbo_feb_2024,2032,tp_amt_bracket_2_hoh,275700.0
cbo_feb_2024,2033,tp_amt_bracket_2_hoh,281300.0
cbo_feb_2024,2034,tp_amt_bracket_2_hoh,286900.0
cbo_feb_2024,2021,tp_amt_bracket_2_mfj,199900.0
cbo_feb_2024,2022,tp_amt_bracket_2_mfj,206100.0
cbo_feb_2024,2023,tp_amt_bracket_2_mfj,220700.0
cbo_feb_2024,2024,tp_amt_bracket_2_mfj,232600.0
cbo_feb_2024,2025,tp_amt_bracket_2_mfj,239800.0
cbo_feb_2024,2026,tp_amt_bracket_2_mfj,245400.0
cbo_feb_2024,2027,tp_amt_bracket_2_mfj,250300.0
cbo_feb_2024,2028,tp_amt_bracket_2_mfj,255100.0
cbo_feb_2024,2029,tp_amt_bracket_2_mfj,260000.0
cbo_feb_2024,2030,tp_amt_bracket_2_mfj,265100.0
cbo_feb_2024,2031,tp_amt_bracket_2_mfj,270400.0
cbo_feb_2024,2032,tp_amt_bracket_2_mfj,275700.0
cbo_feb_2024,2033,tp_amt_bracket_2_mfj,281300.0
cbo_feb_2024,2034,tp_amt_bracket_2_mfj,286900.0
cbo_feb_2024,2021,tp_amt_bracket_2_mfs,99950.0
cbo_feb_2024,2022,tp_amt_bracket_2_mfs,103050.0
cbo_feb_2024,2023,tp_amt_bracket_2_mfs,110350.0
cbo_feb_2024,2024,tp_amt_bracket_2_mfs,116300.0
cbo_feb_2024,2025,tp_amt_bracket_2_mfs,119900.0
cbo_feb_2024,2026,tp_amt_bracket_2_mfs,122700.0
cbo_feb_2024,2027,tp_amt_bracket_2_mfs,125150.0
cbo_feb_2024,2028,tp_amt_bracket_2_mfs,127550.0
cbo_feb_2024,2029,tp_amt_bracket_2_mfs,130000.0
cbo_feb_2024,2030,tp_amt_bracket_2_mfs,132550.0
cbo_feb_2024,2031,tp_amt_bracket_2_mfs,135200.0
cbo_feb_2024,2032,tp_amt_bracket_2_mfs,137850.0
cbo_feb_2024,2033,tp_amt_bracket_2_mfs,140650.0
cbo_feb_2024,2034,tp_amt_bracket_2_mfs,143450.0
cbo_feb_2024,2021,tp_amt_bracket_2_single,199900.0
cbo_feb_2024,2022,tp_amt_bracket_2_single,206100.0
cbo_feb_2024,2023,tp_amt_bracket_2_single,220700.0
cbo_feb_2024,2024,tp_amt_bracket_2_single,232600.0
cbo_feb_2024,2025,tp_amt_bracket_2_single,239800.0
cbo_feb_2024,2026,tp_amt_bracket_2_single,245400.0
cbo_feb_2024,2027,tp_amt_bracket_2_single,250300.0
cbo_feb_2024,2028,tp_amt_bracket_2_single,255100.0
cbo_feb_2024,2029,tp_amt_bracket_2_single,260000.0
cbo_feb_2024,2030,tp_amt_bracket_2_single,265100.0
cbo_feb_2024,2031,tp_amt_bracket_2_single,270400.0
cbo_feb_2024,2032,tp_amt_bracket_2_single,275700.0
cbo_feb_2024,2033,tp_amt_bracket_2_single,281300.0
cbo_feb_2024,2034,tp_amt_bracket_2_single,286900.0
cbo_feb_2024,2021,tp_amt_exemption_hoh,73600.0
cbo_feb_2024,2022,tp_amt_exemption_hoh,75900.0
cbo_feb_2024,2023,tp_amt_exemption_hoh,81300.0
cbo_feb_2024,2024,tp_amt_exemption_hoh,85700.0
cbo_feb_2024,2025,tp_amt_exemption_hoh,88300.0
cbo_feb_2024,2026,tp_amt_exemption_hoh,70900.0
cbo_feb_2024,2027,tp_amt_exemption_hoh,72400.0
cbo_feb_2024,2028,tp_amt_exemption_hoh,73800.0
cbo_feb_2024,2029,tp_amt_exemption_hoh,75200.0
cbo_feb_2024,2030,tp_amt_exemption_hoh,76700.0
cbo_feb_2024,2031,tp_amt_exemption_hoh,78200.0
cbo_feb_2024,2032,tp_amt_exemption_hoh,79700.0
cbo_feb_2024,2033,tp_amt_exemption_hoh,81300.0
cbo_feb_2024,2034,tp_amt_exemption_hoh,82900.0
cbo_feb_2024,2021,tp_amt_exemption_mfj,114600.0
cbo_feb_2024,2022,tp_amt_exemption_mfj,118100.0
cbo_feb_2024,2023,tp_amt_exemption_mfj,126500.0
cbo_feb_2024,2024,tp_amt_exemption_mfj,133300.0
cbo_feb_2024,2025,tp_amt_exemption_mfj,137500.0
cbo_feb_2024,2026,tp_amt_exemption_mfj,110400.0
cbo_feb_2024,2027,tp_amt_exemption_mfj,112600.0
cbo_feb_2024,2028,tp_amt_exemption_mfj,114800.0
cbo_feb_2024,2029,tp_amt_exemption_mfj,117000.0
cbo_feb_2024,2030,tp_amt_exemption_mfj,119300.0
cbo_feb_2024,2031,tp_amt_exemption_mfj,121700.0
cbo_feb_2024,2032,tp_amt_exemption_mfj,124100.0
cbo_feb_2024,2033,tp_amt_exemption_mfj,126600.0
cbo_feb_2024,2034,tp_amt_exemption_mfj,129100.0
cbo_feb_2024,2021,tp_amt_exemption_mfs,57300.0
cbo_feb_2024,2022,tp_amt_exemption_mfs,59050.0
cbo_feb_2024,2023,tp_amt_exemption_mfs,63250.0
cbo_feb_2024,2024,tp_amt_exemption_mfs,66650.0
cbo_feb_2024,2025,tp_amt_exemption_mfs,68750.0
cbo_feb_2024,2026,tp_amt_exemption_mfs,55200.0
cbo_feb_2024,2027,tp_amt_exemption_mfs,56300.0
cbo_feb_2024,2028,tp_amt_exemption_mfs,57400.0
cbo_feb_2024,2029,tp_amt_exemption_mfs,58500.0
cbo_feb_2024,2030,tp_amt_exemption_mfs,59650.0
cbo_feb_2024,2031,tp_amt_exemption_mfs,60850.0
cbo_feb_2024,2032,tp_amt_exemption_mfs,62050.0
cbo_feb_2024,2033,tp_amt_exemption_mfs,63300.0
cbo_feb_2024,2034,tp_amt_exemption_mfs,64550.0
cbo_feb_2024,2021,tp_amt_exemption_single,73600.0
cbo_feb_2024,2022,tp_amt_exemption_single,75900.0
cbo_feb_2024,2023,tp_amt_exemption_single,81300.0
cbo_feb_2024,2024,tp_amt_exemption_single,85700.0
cbo_feb_2024,2025,tp_amt_exemption_single,88300.0
cbo_feb_2024,2026,tp_amt_exemption_single,70900.0
cbo_feb_2024,2027,tp_amt_exemption_single,72400.0
cbo_feb_2024,2028,tp_amt_exemption_single,73800.0
cbo_feb_2024,2029,tp_amt_exemption_single,75200.0
cbo_feb_2024,2030,tp_amt_exemption_single,76700.0
cbo_feb_2024,2031,tp_amt_exemption_single,78200.0
cbo_feb_2024,2032,tp_amt_exemption_single,79700.0
cbo_feb_2024,2033,tp_amt_exemption_single,81300.0
cbo_feb_2024,2034,tp_amt_exemption_single,82900.0
cbo_feb_2024,2021,tp_amt_phaseout_hoh,523600.0
cbo_feb_2024,2022,tp_amt_phaseout_hoh,539900.0
cbo_feb_2024,2023,tp_amt_phaseout_hoh,578150.0
cbo_feb_2024,2024,tp_amt_phaseout_hoh,609350.0
cbo_feb_2024,2025,tp_amt_phaseout_hoh,628250.0
cbo_feb_2024,2026,tp_amt_phaseout_hoh,157700.0
cbo_feb_2024,2027,tp_amt_phaseout_hoh,160900.0
cbo_feb_2024,2028,tp_amt_phaseout_hoh,164000.0
cbo_feb_2024,2029,tp_amt_phaseout_hoh,167100.0
cbo_feb_2024,2030,tp_amt_phaseout_hoh,170400.0
cbo_feb_2024,2031,tp_amt_phaseout_hoh,173800.0
cbo_feb_2024,2032,tp_amt_phaseout_hoh,177300.0
cbo_feb_2024,2033,tp_amt_phaseout_hoh,180800.0
cbo_feb_2024,2034,tp_amt_phaseout_hoh,184400.0
cbo_feb_2024,2021,tp_amt_phaseout_mfj,1047200.0
cbo_feb_2024,2022,tp_amt_phaseout_mfj,1079800.0
cbo_feb_2024,2023,tp_amt_phaseout_mfj,1156300.0
cbo_feb_2024,2024,tp_amt_phaseout_mfj,1218700.0
cbo_feb_2024,2025,tp_amt_phaseout_mfj,1256500.0
cbo_feb_2024,2026,tp_amt_phaseout_mfj,210300.0
cbo_feb_2024,2027,tp_amt_phaseout_mfj,214500.0
cbo_feb_2024,2028,tp_amt_phaseout_mfj,218600.0
cbo_feb_2024,2029,tp_amt_phaseout_mfj,222900.0
cbo_feb_2024,2030,tp_amt_phaseout_mfj,227200.0
cbo_feb_2024,2031,tp_amt_phaseout_mfj,231700.0
cbo_feb_2024,2032,tp_amt_phaseout_mfj,236400.0
cbo_feb_2024,2033,tp_amt_phaseout_mfj,241100.0
cbo_feb_2024,2034,tp_amt_phaseout_mfj,245900.0
cbo_feb_2024,2021,tp_amt_phaseout_mfs,523600.0
cbo_feb_2024,2022,tp_amt_phaseout_mfs,539900.0
cbo_feb_2024,2023,tp_amt_phaseout_mfs,578150.0
cbo_feb_2024,2024,tp_amt_phaseout_mfs,609350.0
cbo_feb_2024,2025,tp_amt_phaseout_mfs,628250.0
cbo_feb_2024,2026,tp_amt_phaseout_mfs,105150.0
cbo_feb_2024,2027,tp_amt_phaseout_mfs,107250.0
cbo_feb_2024,2028,tp_amt_phaseout_mfs,109300.0
cbo_feb_2024,2029,tp_amt_phaseout_mfs,111450.0
cbo_feb_2024,2030,tp_amt_phaseout_mfs,113600.0
cbo_feb_2024,2031,tp_amt_phaseout_mfs,115850.0
cbo_feb_2024,2032,tp_amt_phaseout_mfs,118200.0
cbo_feb_2024,2033,tp_amt_phaseout_mfs,120550.0
cbo_feb_2024,2034,tp_amt_phaseout_mfs,122950.0
cbo_feb_2024,2021,tp_amt_phaseout_single,523600.0
cbo_feb_2024,2022,tp_amt_phaseout_single,539900.0
cbo_feb_2024,2023,tp_amt_phaseout_single,578150.0
cbo_feb_2024,2024,tp_amt_phaseout_single,609350.0
cbo_feb_2024,2025,tp_amt_phaseout_single,628250.0
cbo_feb_2024,2026,tp_amt_phaseout_single,157700.0
cbo_feb_2024,2027,tp_amt_phaseout_single,160900.0
cbo_feb_2024,2028,tp_amt_phaseout_single,164000.0
cbo_feb_2024,2029,tp_amt_phaseout_single,167100.0
cbo_feb_2024,2030,tp_amt_phaseout_single,170400.0
cbo_feb_2024,2031,tp_amt_phaseout_single,173800.0
cbo_feb_2024,2032,tp_amt_phaseout_single,177300.0
cbo_feb_2024,2033,tp_amt_phaseout_single,180800.0
cbo_feb_2024,2034,tp_amt_phaseout_single,184400.0
cbo_feb_2024,2021,tp_amt_rate_1,26.0
cbo_feb_2024,2022,tp_amt_rate_1,26.0
cbo_feb_2024,2023,tp_amt_rate_1,26.0
cbo_feb_2024,2024,tp_amt_rate_1,26.0
cbo_feb_2024,2025,tp_amt_rate_1,26.0
cbo_feb_2024,2026,tp_amt_rate_1,26.0
cbo_feb_2024,2027,tp_amt_rate_1,26.0
cbo_feb_2024,2028,tp_amt_rate_1,26.0
cbo_feb_2024,2029,tp_amt_rate_1,26.0
cbo_feb_2024,2030,tp_amt_rate_1,26.0
cbo_feb_2024,2031,tp_amt_rate_1,26.0
cbo_feb_2024,2032,tp_amt_rate_1,26.0
cbo_feb_2024,2033,tp_amt_rate_1,26.0
cbo_feb_2024,2034,tp_amt_rate_1,26.0
cbo_feb_2024,2021,tp_amt_rate_2,28.0
cbo_feb_2024,2022,tp_amt_rate_2,28.0
cbo_feb_2024,2023,tp_amt_rate_2,28.0
cbo_feb_2024,2024,tp_amt_rate_2,28.0
cbo_feb_2024,2025,tp_amt_rate_2,28.0
cbo_feb_2024,2026,tp_amt_rate_2,28.0
cbo_feb_2024,2027,tp_amt_rate_2,28.0
cbo_feb_2024,2028,tp_amt_rate_2,28.0
cbo_feb_2024,2029,tp_amt_rate_2,28.0
cbo_feb_2024,2030,tp_amt_rate_2,28.0
cbo_feb_2024,2031,tp_amt_rate_2,28.0
cbo_feb_2024,2032,tp_amt_rate_2,28.0
cbo_feb_2024,2033,tp_amt_rate_2,28.0
cbo_feb_2024,2034,tp_amt_rate_2,28.0
cbo_feb_2024,2021,tp_bracket_1_hoh,0.0
cbo_feb_2024,2022,tp_bracket_1_hoh,0.0
cbo_feb_2024,2023,tp_bracket_1_hoh,0.0
cbo_feb_2024,2024,tp_bracket_1_hoh,0.0
cbo_feb_2024,2025,tp_bracket_1_hoh,0.0
cbo_feb_2024,2026,tp_bracket_1_hoh,0.0
cbo_feb_2024,2027,tp_bracket_1_hoh,0.0
cbo_feb_2024,2028,tp_bracket_1_hoh,0.0
cbo_feb_2024,2029,tp_bracket_1_hoh,0.0
cbo_feb_2024,2030,tp_bracket_1_hoh,0.0
cbo_feb_2024,2031,tp_bracket_1_hoh,0.0
cbo_feb_2024,2032,tp_bracket_1_hoh,0.0
cbo_feb_2024,2033,tp_bracket_1_hoh,0.0
cbo_feb_2024,2034,tp_bracket_1_hoh,0.0
cbo_feb_2024,2021,tp_bracket_1_mfj,0.0
cbo_feb_2024,2022,tp_bracket_1_mfj,0.0
cbo_feb_2024,2023,tp_bracket_1_mfj,0.0
cbo_feb_2024,2024,tp_bracket_1_mfj,0.0
cbo_feb_2024,2025,tp_bracket_1_mfj,0.0
cbo_feb_2024,2026,tp_bracket_1_mfj,0.0
cbo_feb_2024,2027,tp_bracket_1_mfj,0.0
cbo_feb_2024,2028,tp_bracket_1_mfj,0.0
cbo_feb_2024,2029,tp_bracket_1_mfj,0.0
cbo_feb_2024,2030,tp_bracket_1_mfj,0.0
cbo_feb_2024,2031,tp_bracket_1_mfj,0.0
cbo_feb_2024,2032,tp_bracket_1_mfj,0.0
cbo_feb_2024,2033,tp_bracket_1_mfj,0.0
cbo_feb_2024,2034,tp_bracket_1_mfj,0.0
cbo_feb_2024,2021,tp_bracket_1_mfs,0.0
cbo_feb_2024,2022,tp_bracket_1_mfs,0.0
cbo_feb_2024,2023,tp_bracket_1_mfs,0.0
cbo_feb_2024,2024,tp_bracket_1_mfs,0.0
cbo_feb_2024,2025,tp_bracket_1_mfs,0.0
cbo_feb_2024,2026,tp_bracket_1_mfs,0.0
cbo_feb_2024,2027,tp_bracket_1_mfs,0.0
cbo_feb_2024,2028,tp_bracket_1_mfs,0.0
cbo_feb_2024,2029,tp_bracket_1_mfs,0.0
cbo_feb_2024,2030,tp_bracket_1_mfs,0.0
cbo_feb_2024,2031,tp_bracket_1_mfs,0.0
cbo_feb_2024,2032,tp_bracket_1_mfs,0.0
cbo_feb_2024,2033,tp_bracket_1_mfs,0.0
cbo_feb_2024,2034,tp_bracket_1_mfs,0.0
cbo_feb_2024,2021,tp_bracket_1_single,0.0
cbo_feb_2024,2022,tp_bracket_1_single,0.0
cbo_feb_2024,2023,tp_bracket_1_single,0.0
cbo_feb_2024,2024,tp_bracket_1_single,0.0
cbo_feb_2024,2025,tp_bracket_1_single,0.0
cbo_feb_2024,2026,tp_bracket_1_single,0.0
cbo_feb_2024,2027,tp_bracket_1_single,0.0
cbo_feb_2024,2028,tp_bracket_1_single,0.0
cbo_feb_2024,2029,tp_bracket_1_single,0.0
cbo_feb_2024,2030,tp_bracket_1_single,0.0
cbo_feb_2024,2031,tp_bracket_1_single,0.0
cbo_feb_2024,2032,tp_bracket_1_single,0.0
cbo_feb_2024,2033,tp_bracket_1_single,0.0
cbo_feb_2024,2034,tp_bracket_1_single,0.0
cbo_feb_2024,2021,tp_bracket_2_hoh,14200.0
cbo_feb_2024,2022,tp_bracket_2_hoh,14650.0
cbo_feb_2024,2023,tp_bracket_2_hoh,15700.0
cbo_feb_2024,2024,tp_bracket_2_hoh,16550.0
cbo_feb_2024,2025,tp_bracket_2_hoh,17050.0
cbo_feb_2024,2026,tp_bracket_2_hoh,17450.0
cbo_feb_2024,2027,tp_bracket_2_hoh,17800.0
cbo_feb_2024,2028,tp_bracket_2_hoh,18100.0
cbo_feb_2024,2029,tp_bracket_2_hoh,18450.0
cbo_feb_2024,2030,tp_bracket_2_hoh,18850.0
cbo_feb_2024,2031,tp_bracket_2_hoh,19200.0
cbo_feb_2024,2032,tp_bracket_2_hoh,19600.0
cbo_feb_2024,2033,tp_bracket_2_hoh,20000.0
cbo_feb_2024,2034,tp_bracket_2_hoh,20400.0
cbo_feb_2024,2021,tp_bracket_2_mfj,19900.0
cbo_feb_2024,2022,tp_bracket_2_mfj,20550.0
cbo_feb_2024,2023,tp_bracket_2_mfj,22000.0
cbo_feb_2024,2024,tp_bracket_2_mfj,23200.0
cbo_feb_2024,2025,tp_bracket_2_mfj,23900.0
cbo_feb_2024,2026,tp_bracket_2_mfj,24400.0
cbo_feb_2024,2027,tp_bracket_2_mfj,24900.0
cbo_feb_2024,2028,tp_bracket_2_mfj,25400.0
cbo_feb_2024,2029,tp_bracket_2_mfj,25850.0
cbo_feb_2024,2030,tp_bracket_2_mfj,26400.0
cbo_feb_2024,2031,tp_bracket_2_mfj,26900.0
cbo_feb_2024,2032,tp_bracket_2_mfj,27450.0
cbo_feb_2024,2033,tp_bracket_2_mfj,28000.0
cbo_feb_2024,2034,tp_bracket_2_mfj,28550.0
cbo_feb_2024,2021,tp_bracket_2_mfs,9950.0
cbo_feb_2024,2022,tp_bracket_2_mfs,10275.0
cbo_feb_2024,2023,tp_bracket_2_mfs,11000.0
cbo_feb_2024,2024,tp_bracket_2_mfs,11600.0
cbo_feb_2024,2025,tp_bracket_2_mfs,11950.0
cbo_feb_2024,2026,tp_bracket_2_mfs,12200.0
cbo_feb_2024,2027,tp_bracket_2_mfs,12450.0
cbo_feb_2024,2028,tp_bracket_2_mfs,12700.0
cbo_feb_2024,2029,tp_bracket_2_mfs,12925.0
cbo_feb_2024,2030,tp_bracket_2_mfs,13200.0
cbo_feb_2024,2031,tp_bracket_2_mfs,13450.0
cbo_feb_2024,2032,tp_bracket_2_mfs,13725.0
cbo_feb_2024,2033,tp_bracket_2_mfs,14000.0
cbo_feb_2024,2034,tp_bracket_2_mfs,14275.0
cbo_feb_2024,2021,tp_bracket_2_single,9950.0
cbo_feb_2024,2022,tp_bracket_2_single,10275.0
cbo_feb_2024,2023,tp_bracket_2_single,11000.0
cbo_feb_2024,2024,tp_bracket_2_single,11600.0
cbo_feb_2024,2025,tp_bracket_2_single,11950.0
cbo_feb_2024,2026,tp_bracket_2_single,12200.0
cbo_feb_2024,2027,tp_bracket_2_single,12450.0
cbo_feb_2024,2028,tp_bracket_2_single,12700.0
cbo_feb_2024,2029,tp_bracket_2_single,12925.0
cbo_feb_2024,2030,tp_bracket_2_single,13200.0
cbo_feb_2024,2031,tp_bracket_2_single,13450.0
cbo_feb_2024,2032,tp_bracket_2_single,13725.0
cbo_feb_2024,2033,tp_bracket_2_single,14000.0
cbo_feb_2024,2034,tp_bracket_2_single,14275.0
cbo_feb_2024,2021,tp_bracket_3_hoh,54200.0
cbo_feb_2024,2022,tp_bracket_3_hoh,55900.0
cbo_feb_2024,2023,tp_bracket_3_hoh,59850.0
cbo_feb_2024,2024,tp_bracket_3_hoh,63100.0
cbo_feb_2024,2025,tp_bracket_3_hoh,65050.0
cbo_feb_2024,2026,tp_bracket_3_hoh,66400.0
cbo_feb_2024,2027,tp_bracket_3_hoh,67750.0
cbo_feb_2024,2028,tp_bracket_3_hoh,69050.0
cbo_feb_2024,2029,tp_bracket_3_hoh,70400.0
cbo_feb_2024,2030,tp_bracket_3_hoh,71750.0
cbo_feb_2024,2031,tp_bracket_3_hoh,73200.0
cbo_feb_2024,2032,tp_bracket_3_hoh,74650.0
cbo_feb_2024,2033,tp_bracket_3_hoh,76150.0
cbo_feb_2024,2034,tp_bracket_3_hoh,77650.0
cbo_feb_2024,2021,tp_bracket_3_mfj,81050.0
cbo_feb_2024,2022,tp_bracket_3_mfj,83550.0
cbo_feb_2024,2023,tp_bracket_3_mfj,89450.0
cbo_feb_2024,2024,tp_bracket_3_mfj,94300.0
cbo_feb_2024,2025,tp_bracket_3_mfj,97250.0
cbo_feb_2024,2026,tp_bracket_3_mfj,99200.0
cbo_feb_2024,2027,tp_bracket_3_mfj,101200.0
cbo_feb_2024,2028,tp_bracket_3_mfj,103100.0
cbo_feb_2024,2029,tp_bracket_3_mfj,105100.0
cbo_feb_2024,2030,tp_bracket_3_mfj,107200.0
cbo_feb_2024,2031,tp_bracket_3_mfj,109300.0
cbo_feb_2024,2032,tp_bracket_3_mfj,111500.0
cbo_feb_2024,2033,tp_bracket_3_mfj,113700.0
cbo_feb_2024,2034,tp_bracket_3_mfj,116000.0
cbo_feb_2024,2021,tp_bracket_3_mfs,40525.0
cbo_feb_2024,2022,tp_bracket_3_mfs,41775.0
cbo_feb_2024,2023,tp_bracket_3_mfs,44725.0
cbo_feb_2024,2024,tp_bracket_3_mfs,47150.0
cbo_feb_2024,2025,tp_bracket_3_mfs,48625.0
cbo_feb_2024,2026,tp_bracket_3_mfs,49600.0
cbo_feb_2024,2027,tp_bracket_3_mfs,50600.0
cbo_feb_2024,2028,tp_bracket_3_mfs,51550.0
cbo_feb_2024,2029,tp_bracket_3_mfs,52550.0
cbo_feb_2024,2030,tp_bracket_3_mfs,53600.0
cbo_feb_2024,2031,tp_bracket_3_mfs,54650.0
cbo_feb_2024,2032,tp_bracket_3_mfs,55750.0
cbo_feb_2024,2033,tp_bracket_3_mfs,56850.0
cbo_feb_2024,2034,tp_bracket_3_mfs,58000.0
cbo_feb_2024,2021,tp_bracket_3_single,40525.0
cbo_feb_2024,2022,tp_bracket_3_single,41775.0
cbo_feb_2024,2023,tp_bracket_3_single,44725.0
cbo_feb_2024,2024,tp_bracket_3_single,47150.0
cbo_feb_2024,2025,tp_bracket_3_single,48625.0
cbo_feb_2024,2026,tp_bracket_3_single,49600.0
cbo_feb_2024,2027,tp_bracket_3_single,50600.0
cbo_feb_2024,2028,tp_bracket_3_single,51550.0
cbo_feb_2024,2029,tp_bracket_3_single,52550.0
cbo_feb_2024,2030,tp_bracket_3_single,53600.0
cbo_feb_2024,2031,tp_bracket_3_single,54650.0
cbo_feb_2024,2032,tp_bracket_3_single,55750.0
cbo_feb_2024,2033,tp_bracket_3_single,56850.0
cbo_feb_2024,2034,tp_bracket_3_single,58000.0
cbo_feb_2024,2021,tp_bracket_4_hoh,86350.0
cbo_feb_2024,2022,tp_bracket_4_hoh,89050.0
cbo_feb_2024,2023,tp_bracket_4_hoh,95350.0
cbo_feb_2024,2024,tp_bracket_4_hoh,100500.0
cbo_feb_2024,2025,tp_bracket_4_hoh,103650.0
cbo_feb_2024,2026,tp_bracket_4_hoh,171500.0
cbo_feb_2024,2027,tp_bracket_4_hoh,174900.0
cbo_feb_2024,2028,tp_bracket_4_hoh,178250.0
cbo_feb_2024,2029,tp_bracket_4_hoh,181700.0
cbo_feb_2024,2030,tp_bracket_4_hoh,185300.0
cbo_feb_2024,2031,tp_bracket_4_hoh,188950.0
cbo_feb_2024,2032,tp_bracket_4_hoh,192700.0
cbo_feb_2024,2033,tp_bracket_4_hoh,196550.0
cbo_feb_2024,2034,tp_bracket_4_hoh,200500.0
cbo_feb_2024,2021,tp_bracket_4_mfj,172750.0
cbo_feb_2024,2022,tp_bracket_4_mfj,178150.0
cbo_feb_2024,2023,tp_bracket_4_mfj,190750.0
cbo_feb_2024,2024,tp_bracket_4_mfj,201050.0
cbo_feb_2024,2025,tp_bracket_4_mfj,207300.0
cbo_feb_2024,2026,tp_bracket_4_mfj,200100.0
cbo_feb_2024,2027,tp_bracket_4_mfj,204100.0
cbo_feb_2024,2028,tp_bracket_4_mfj,208050.0
cbo_feb_2024,2029,tp_bracket_4_mfj,212050.0
cbo_feb_2024,2030,tp_bracket_4_mfj,216200.0
cbo_feb_2024,2031,tp_bracket_4_mfj,220500.0
cbo_feb_2024,2032,tp_bracket_4_mfj,224900.0
cbo_feb_2024,2033,tp_bracket_4_mfj,229400.0
cbo_feb_2024,2034,tp_bracket_4_mfj,233950.0
cbo_feb_2024,2021,tp_bracket_4_mfs,86375.0
cbo_feb_2024,2022,tp_bracket_4_mfs,89075.0
cbo_feb_2024,2023,tp_bracket_4_mfs,95375.0
cbo_feb_2024,2024,tp_bracket_4_mfs,100525.0
cbo_feb_2024,2025,tp_bracket_4_mfs,103650.0
cbo_feb_2024,2026,tp_bracket_4_mfs,100050.0
cbo_feb_2024,2027,tp_bracket_4_mfs,102050.0
cbo_feb_2024,2028,tp_bracket_4_mfs,104025.0
cbo_feb_2024,2029,tp_bracket_4_mfs,106025.0
cbo_feb_2024,2030,tp_bracket_4_mfs,108100.0
cbo_feb_2024,2031,tp_bracket_4_mfs,110250.0
cbo_feb_2024,2032,tp_bracket_4_mfs,112450.0
cbo_feb_2024,2033,tp_bracket_4_mfs,114700.0
cbo_feb_2024,2034,tp_bracket_4_mfs,116975.0
cbo_feb_2024,2021,tp_bracket_4_single,86375.0
cbo_feb_2024,2022,tp_bracket_4_single,89075.0
cbo_feb_2024,2023,tp_bracket_4_single,95375.0
cbo_feb_2024,2024,tp_bracket_4_single,100525.0
cbo_feb_2024,2025,tp_bracket_4_single,103650.0
cbo_feb_2024,2026,tp_bracket_4_single,120100.0
cbo_feb_2024,2027,tp_bracket_4_single,122500.0
cbo_feb_2024,2028,tp_bracket_4_single,124850.0
cbo_feb_2024,2029,tp_bracket_4_single,127250.0
cbo_feb_2024,2030,tp_bracket_4_single,129750.0
cbo_feb_2024,2031,tp_bracket_4_single,132300.0
cbo_feb_2024,2032,tp_bracket_4_single,134950.0
cbo_feb_2024,2033,tp_bracket_4_single,137650.0
cbo_feb_2024,2034,tp_bracket_4_single,140400.0
cbo_feb_2024,2021,tp_bracket_5_hoh,164900.0
cbo_feb_2024,2022,tp_bracket_5_hoh,170050.0
cbo_feb_2024,2023,tp_bracket_5_hoh,182100.0
cbo_feb_2024,2024,tp_bracket_5_hoh,191950.0
cbo_feb_2024,2025,tp_bracket_5_hoh,197850.0
cbo_feb_2024,2026,tp_bracket_5_hoh,277700.0
cbo_feb_2024,2027,tp_bracket_5_hoh,283250.0
cbo_feb_2024,2028,tp_bracket_5_hoh,288700.0
cbo_feb_2024,2029,tp_bracket_5_hoh,294300.0
cbo_feb_2024,2030,tp_bracket_5_hoh,300050.0
cbo_feb_2024,2031,tp_bracket_5_hoh,306000.0
cbo_feb_2024,2032,tp_bracket_5_hoh,312100.0
cbo_feb_2024,2033,tp_bracket_5_hoh,318300.0
cbo_feb_2024,2034,tp_bracket_5_hoh,324700.0
cbo_feb_2024,2021,tp_bracket_5_mfj,329850.0
cbo_feb_2024,2022,tp_bracket_5_mfj,340100.0
cbo_feb_2024,2023,tp_bracket_5_mfj,364200.0
cbo_feb_2024,2024,tp_bracket_5_mfj,383900.0
cbo_feb_2024,2025,tp_bracket_5_mfj,395750.0
cbo_feb_2024,2026,tp_bracket_5_mfj,304950.0
cbo_feb_2024,2027,tp_bracket_5_mfj,311050.0
cbo_feb_2024,2028,tp_bracket_5_mfj,317000.0
cbo_feb_2024,2029,tp_bracket_5_mfj,323150.0
cbo_feb_2024,2030,tp_bracket_5_mfj,329450.0
cbo_feb_2024,2031,tp_bracket_5_mfj,336000.0
cbo_feb_2024,2032,tp_bracket_5_mfj,342700.0
cbo_feb_2024,2033,tp_bracket_5_mfj,349550.0
cbo_feb_2024,2034,tp_bracket_5_mfj,356550.0
cbo_feb_2024,2021,tp_bracket_5_mfs,164925.0
cbo_feb_2024,2022,tp_bracket_5_mfs,170050.0
cbo_feb_2024,2023,tp_bracket_5_mfs,182100.0
cbo_feb_2024,2024,tp_bracket_5_mfs,191950.0
cbo_feb_2024,2025,tp_bracket_5_mfs,197875.0
cbo_feb_2024,2026,tp_bracket_5_mfs,152475.0
cbo_feb_2024,2027,tp_bracket_5_mfs,155525.0
cbo_feb_2024,2028,tp_bracket_5_mfs,158500.0
cbo_feb_2024,2029,tp_bracket_5_mfs,161575.0
cbo_feb_2024,2030,tp_bracket_5_mfs,164725.0
cbo_feb_2024,2031,tp_bracket_5_mfs,168000.0
cbo_feb_2024,2032,tp_bracket_5_mfs,171350.0
cbo_feb_2024,2033,tp_bracket_5_mfs,174775.0
cbo_feb_2024,2034,tp_bracket_5_mfs,178275.0
cbo_feb_2024,2021,tp_bracket_5_single,164925.0
cbo_feb_2024,2022,tp_bracket_5_single,170050.0
cbo_feb_2024,2023,tp_bracket_5_single,182100.0
cbo_feb_2024,2024,tp_bracket_5_single,191950.0
cbo_feb_2024,2025,tp_bracket_5_single,197875.0
cbo_feb_2024,2026,tp_bracket_5_single,250450.0
cbo_feb_2024,2027,tp_bracket_5_single,255500.0
cbo_feb_2024,2028,tp_bracket_5_single,260400.0
cbo_feb_2024,2029,tp_bracket_5_single,265400.0
cbo_feb_2024,2030,tp_bracket_5_single,270650.0
cbo_feb_2024,2031,tp_bracket_5_single,276000.0
cbo_feb_2024,2032,tp_bracket_5_single,281500.0
cbo_feb_2024,2033,tp_bracket_5_single,287100.0
cbo_feb_2024,2034,tp_bracket_5_single,292850.0
cbo_feb_2024,2021,tp_bracket_6_hoh,209400.0
cbo_feb_2024,2022,tp_bracket_6_hoh,215950.0
cbo_feb_2024,2023,tp_bracket_6_hoh,231250.0
cbo_feb_2024,2024,tp_bracket_6_hoh,243700.0
cbo_feb_2024,2025,tp_bracket_6_hoh,251250.0
cbo_feb_2024,2026,tp_bracket_6_hoh,544550.0
cbo_feb_2024,2027,tp_bracket_6_hoh,555400.0
cbo_feb_2024,2028,tp_bracket_6_hoh,566100.0
cbo_feb_2024,2029,tp_bracket_6_hoh,577050.0
cbo_feb_2024,2030,tp_bracket_6_hoh,588350.0
cbo_feb_2024,2031,tp_bracket_6_hoh,600000.0
cbo_feb_2024,2032,tp_bracket_6_hoh,611950.0
cbo_feb_2024,2033,tp_bracket_6_hoh,624200.0
cbo_feb_2024,2034,tp_bracket_6_hoh,636650.0
cbo_feb_2024,2021,tp_bracket_6_mfj,418850.0
cbo_feb_2024,2022,tp_bracket_6_mfj,431900.0
cbo_feb_2024,2023,tp_bracket_6_mfj,462500.0
cbo_feb_2024,2024,tp_bracket_6_mfj,487450.0
cbo_feb_2024,2025,tp_bracket_6_mfj,502550.0
cbo_feb_2024,2026,tp_bracket_6_mfj,544550.0
cbo_feb_2024,2027,tp_bracket_6_mfj,555400.0
cbo_feb_2024,2028,tp_bracket_6_mfj,566100.0
cbo_feb_2024,2029,tp_bracket_6_mfj,577050.0
cbo_feb_2024,2030,tp_bracket_6_mfj,588350.0
cbo_feb_2024,2031,tp_bracket_6_mfj,600000.0
cbo_feb_2024,2032,tp_bracket_6_mfj,611950.0
cbo_feb_2024,2033,tp_bracket_6_mfj,624200.0
cbo_feb_2024,2034,tp_bracket_6_mfj,636650.0
cbo_feb_2024,2021,tp_bracket_6_mfs,209425.0
cbo_feb_2024,2022,tp_bracket_6_mfs,215950.0
cbo_feb_2024,2023,tp_bracket_6_mfs,231250.0
cbo_feb_2024,2024,tp_bracket_6_mfs,243725.0
cbo_feb_2024,2025,tp_bracket_6_mfs,251275.0
cbo_feb_2024,2026,tp_bracket_6_mfs,272275.0
cbo_feb_2024,2027,tp_bracket_6_mfs,277700.0
cbo_feb_2024,2028,tp_bracket_6_mfs,283050.0
cbo_feb_2024,2029,tp_bracket_6_mfs,288525.0
cbo_feb_2024,2030,tp_bracket_6_mfs,294175.0
cbo_feb_2024,2031,tp_bracket_6_mfs,300000.0
cbo_feb_2024,2032,tp_bracket_6_mfs,305975.0
cbo_feb_2024,2033,tp_bracket_6_mfs,312100.0
cbo_feb_2024,2034,tp_bracket_6_mfs,318325.0
cbo_feb_2024,2021,tp_bracket_6_single,209425.0
cbo_feb_2024,2022,tp_bracket_6_single,215950.0
cbo_feb_2024,2023,tp_bracket_6_single,231250.0
cbo_feb_2024,2024,tp_bracket_6_single,243725.0
cbo_feb_2024,2025,tp_bracket_6_single,251275.0
cbo_feb_2024,2026,tp_bracket_6_single,544550.0
cbo_feb_2024,2027,tp_bracket_6_single,555400.0
cbo_feb_2024,2028,tp_bracket_6_single,566100.0
cbo_feb_2024,2029,tp_bracket_6_single,577050.0
cbo_feb_2024,2030,tp_bracket_6_single,588350.0
cbo_feb_2024,2031,tp_bracket_6_single,600000.0
cbo_feb_2024,2032,tp_bracket_6_single,611950.0
cbo_feb_2024,2033,tp_bracket_6_single,624200.0
cbo_feb_2024,2034,tp_bracket_6_single,636650.0
cbo_feb_2024,2021,tp_bracket_7_hoh,523600.0
cbo_feb_2024,2022,tp_bracket_7_hoh,539900.0
cbo_feb_2024,2023,tp_bracket_7_hoh,578100.0
cbo_feb_2024,2024,tp_bracket_7_hoh,609350.0
cbo_feb_2024,2025,tp_bracket_7_hoh,628200.0
cbo_feb_2024,2026,tp_bracket_7_hoh,580950.0
cbo_feb_2024,2027,tp_bracket_7_hoh,592550.0
cbo_feb_2024,2028,tp_bracket_7_hoh,603950.0
cbo_feb_2024,2029,tp_bracket_7_hoh,615600.0
cbo_feb_2024,2030,tp_bracket_7_hoh,627700.0
cbo_feb_2024,2031,tp_bracket_7_hoh,640100.0
cbo_feb_2024,2032,tp_bracket_7_hoh,652850.0
cbo_feb_2024,2033,tp_bracket_7_hoh,665900.0
cbo_feb_2024,2034,tp_bracket_7_hoh,679250.0
cbo_feb_2024,2021,tp_bracket_7_mfj,628300.0
cbo_feb_2024,2022,tp_bracket_7_mfj,647850.0
cbo_feb_2024,2023,tp_bracket_7_mfj,693750.0
cbo_feb_2024,2024,tp_bracket_7_mfj,731200.0
cbo_feb_2024,2025,tp_bracket_7_mfj,753850.0
cbo_feb_2024,2026,tp_bracket_7_mfj,615100.0
cbo_feb_2024,2027,tp_bracket_7_mfj,627400.0
cbo_feb_2024,2028,tp_bracket_7_mfj,639450.0
cbo_feb_2024,2029,tp_bracket_7_mfj,651800.0
cbo_feb_2024,2030,tp_bracket_7_mfj,664600.0
cbo_feb_2024,2031,tp_bracket_7_mfj,677750.0
cbo_feb_2024,2032,tp_bracket_7_mfj,691250.0
cbo_feb_2024,2033,tp_bracket_7_mfj,705100.0
cbo_feb_2024,2034,tp_bracket_7_mfj,719200.0
cbo_feb_2024,2021,tp_bracket_7_mfs,314150.0
cbo_feb_2024,2022,tp_bracket_7_mfs,323925.0
cbo_feb_2024,2023,tp_bracket_7_mfs,346875.0
cbo_feb_2024,2024,tp_bracket_7_mfs,365600.0
cbo_feb_2024,2025,tp_bracket_7_mfs,376925.0
cbo_feb_2024,2026,tp_bracket_7_mfs,307550.0
cbo_feb_2024,2027,tp_bracket_7_mfs,313700.0
cbo_feb_2024,2028,tp_bracket_7_mfs,319725.0
cbo_feb_2024,2029,tp_bracket_7_mfs,325900.0
cbo_feb_2024,2030,tp_bracket_7_mfs,332300.0
cbo_feb_2024,2031,tp_bracket_7_mfs,338875.0
cbo_feb_2024,2032,tp_bracket_7_mfs,345625.0
cbo_feb_2024,2033,tp_bracket_7_mfs,352550.0
cbo_feb_2024,2034,tp_bracket_7_mfs,359600.0
cbo_feb_2024,2021,tp_bracket_7_single,523600.0
cbo_feb_2024,2022,tp_bracket_7_single,539900.0
cbo_feb_2024,2023,tp_bracket_7_single,578125.0
cbo_feb_2024,2024,tp_bracket_7_single,609350.0
cbo_feb_2024,2025,tp_bracket_7_single,628225.0
cbo_feb_2024,2026,tp_bracket_7_single,546750.0
cbo_feb_2024,2027,tp_bracket_7_single,557700.0
cbo_feb_2024,2028,tp_bracket_7_single,568400.0
cbo_feb_2024,2029,tp_bracket_7_single,579400.0
cbo_feb_2024,2030,tp_bracket_7_single,590750.0
cbo_feb_2024,2031,tp_bracket_7_single,602450.0
cbo_feb_2024,2032,tp_bracket_7_single,614450.0
cbo_feb_2024,2033,tp_bracket_7_single,626750.0
cbo_feb_2024,2034,tp_bracket_7_single,639250.0
cbo_feb_2024,2021,tp_c_cpi_u,144.814
cbo_feb_2024,2022,tp_c_cpi_u,149.064
cbo_feb_2024,2023,tp_c_cpi_u,159.879
cbo_feb_2024,2024,tp_c_cpi_u,168.475
cbo_feb_2024,2025,tp_c_cpi_u,173.694
cbo_feb_2024,2026,tp_c_cpi_u,177.717
cbo_feb_2024,2027,tp_c_cpi_u,181.271
cbo_feb_2024,2028,tp_c_cpi_u,184.754
cbo_feb_2024,2029,tp_c_cpi_u,188.325
cbo_feb_2024,2030,tp_c_cpi_u,192.017
cbo_feb_2024,2031,tp_c_cpi_u,195.822
cbo_feb_2024,2032,tp_c_cpi_u,199.723
cbo_feb_2024,2033,tp_c_cpi_u,203.711
cbo_feb_2024,2034,tp_c_cpi_u,207.787
cbo_feb_2024,2021,tp_cpi_u,257.721
cbo_feb_2024,2022,tp_cpi_u,265.447
cbo_feb_2024,2023,tp_cpi_u,285.848
cbo_feb_2024,2024,tp_cpi_u,301.374
cbo_feb_2024,2025,tp_cpi_u,311.17
cbo_feb_2024,2026,tp_cpi_u,319.274
cbo_feb_2024,2027,tp_cpi_u,326.521
cbo_feb_2024,2028,tp_cpi_u,333.574
cbo_feb_2024,2029,tp_cpi_u,340.795
cbo_feb_2024,2030,tp_cpi_u,348.277
cbo_feb_2024,2031,tp_cpi_u,356.011
cbo_feb_2024,2032,tp_cpi_u,363.965
cbo_feb_2024,2033,tp_cpi_u,372.122
cbo_feb_2024,2034,tp_cpi_u,380.477
cbo_feb_2024,2022,tp_ctc_max_refundable,1500.0
cbo_feb_2024,2023,tp_ctc_max_refundable,1600.0
cbo_feb_2024,2024,tp_ctc_max_refundable,1700.0
cbo_feb_2024,2025,tp_ctc_max_refundable,1700.0
cbo_feb_2024,2026,tp_ctc_max_refundable,0.0
cbo_feb_2024,2027,tp_ctc_max_refundable,0.0
cbo_feb_2024,2028,tp_ctc_max_refundable,0.0
cbo_feb_2024,2029,tp_ctc_max_refundable,0.0
cbo_feb_2024,2030,tp_ctc_max_refundable,0.0
cbo_feb_2024,2031,tp_ctc_max_refundable,0.0
cbo_feb_2024,2032,tp_ctc_max_refundable,0.0
cbo_feb_2024,2033,tp_ctc_max_refundable,0.0
cbo_feb_2024,2034,tp_ctc_max_refundable,0.0
cbo_feb_2024,2022,tp_ctc_per_child,2000.0
cbo_feb_2024,2023,tp_ctc_per_child,2000.0
cbo_feb_2024,2024,tp_ctc_per_child,2000.0
cbo_feb_2024,2025,tp_ctc_per_child,2000.0
cbo_feb_2024,2026,tp_ctc_per_child,1000.0
cbo_feb_2024,2027,tp_ctc_per_child,1000.0
cbo_feb_2024,2028,tp_ctc_per_child,1000.0
cbo_feb_2024,2029,tp_ctc_per_child,1000.0
cbo_feb_2024,2030,tp_ctc_per_child,1000.0
cbo_feb_2024,2031,tp_ctc_per_child,1000.0
cbo_feb_2024,2032,tp_ctc_per_child,1000.0
cbo_feb_2024,2033,tp_ctc_per_child,1000.0
cbo_feb_2024,2034,tp_ctc_per_child,1000.0
cbo_feb_2024,2021,tp_ctc_per_other_dependent,500.0
cbo_feb_2024,2022,tp_ctc_per_other_dependent,500.0
cbo_feb_2024,2023,tp_ctc_per_other_dependent,500.0
cbo_feb_2024,2024,tp_ctc_per_other_dependent,500.0
cbo_feb_2024,2025,tp_ctc_per_other_dependent,500.0
cbo_feb_2024,2026,tp_ctc_per_other_dependent,0.0
cbo_feb_2024,2027,tp_ctc_per_other_dependent,0.0
cbo_feb_2024,2028,tp_ctc_per_other_dependent,0.0
cbo_feb_2024,2029,tp_ctc_per_other_dependent,0.0
cbo_feb_2024,2030,tp_ctc_per_other_dependent,0.0
cbo_feb_2024,2031,tp_ctc_per_other_dependent,0.0
cbo_feb_2024,2032,tp_ctc_per_other_dependent,0.0
cbo_feb_2024,2033,tp_ctc_per_other_dependent,0.0
cbo_feb_2024,2034,tp_ctc_per_other_dependent,0.0
cbo_feb_2024,2022,tp_ctc_refund_rate,15.0
cbo_feb_2024,2023,tp_ctc_refund_rate,15.0
cbo_feb_2024,2024,tp_ctc_refund_rate,15.0
cbo_feb_2024,2025,tp_ctc_refund_rate,15.0
cbo_feb_2024,2026,tp_ctc_refund_rate,15.0
cbo_feb_2024,2027,tp_ctc_refund_rate,15.0
cbo_feb_2024,2028,tp_ctc_refund_rate,15.0
cbo_feb_2024,2029,tp_ctc_refund_rate,15.0
cbo_feb_2024,2030,tp_ctc_refund_rate,15.0
cbo_feb_2024,2031,tp_ctc_refund_rate,15.0
cbo_feb_2024,2032,tp_ctc_refund_rate,15.0
cbo_feb_2024,2033,tp_ctc_refund_rate,15.0
cbo_feb_2024,2034,tp_ctc_refund_rate,15.0
cbo_feb_2024,2022,tp_ctc_refund_threshold,2500.0
cbo_feb_2024,2023,tp_ctc_refund_threshold,2500.0
cbo_feb_2024,2024,tp_ctc_refund_threshold,2500.0
cbo_feb_2024,2025,tp_ctc_refund_threshold,2500.0
cbo_feb_2024,2026,tp_ctc_refund_threshold,3000.0
cbo_feb_2024,2027,tp_ctc_refund_threshold,3000.0
cbo_feb_2024,2028,tp_ctc_refund_threshold,3000.0
cbo_feb_2024,2029,tp_ctc_refund_threshold,3000.0
cbo_feb_2024,2030,tp_ctc_refund_threshold,3000.0
cbo_feb_2024,2031,tp_ctc_refund_threshold,3000.0
cbo_feb_2024,2032,tp_ctc_refund_threshold,3000.0
cbo_feb_2024,2033,tp_ctc_refund_threshold,3000.0
cbo_feb_2024,2034,tp_ctc_refund_threshold,3000.0
cbo_feb_2024,2021,tp_eitc_max_credit_0,1502.0
cbo_feb_2024,2022,tp_eitc_max_credit_0,560.0
cbo_feb_2024,2023,tp_eitc_max_credit_0,600.0
cbo_feb_2024,2024,tp_eitc_max_credit_0,632.0
cbo_feb_2024,2025,tp_eitc_max_credit_0,651.0
cbo_feb_2024,2026,tp_eitc_max_credit_0,666.0
cbo_feb_2024,2027,tp_eitc_max_credit_0,680.0
cbo_feb_2024,2028,tp_eitc_max_credit_0,693.0
cbo_feb_2024,2029,tp_eitc_max_credit_0,706.0
cbo_feb_2024,2030,tp_eitc_max_credit_0,720.0
cbo_feb_2024,2031,tp_eitc_max_credit_0,734.0
cbo_feb_2024,2032,tp_eitc_max_credit_0,749.0
cbo_feb_2024,2033,tp_eitc_max_credit_0,764.0
cbo_feb_2024,2034,tp_eitc_max_credit_0,780.0
cbo_feb_2024,2021,tp_eitc_max_credit_1,3618.0
cbo_feb_2024,2022,tp_eitc_max_credit_1,3733.0
cbo_feb_2024,2023,tp_eitc_max_credit_1,3995.0
cbo_feb_2024,2024,tp_eitc_max_credit_1,4213.0
cbo_feb_2024,2025,tp_eitc_max_credit_1,4342.0
cbo_feb_2024,2026,tp_eitc_max_credit_1,4444.0
cbo_feb_2024,2027,tp_eitc_max_credit_1,4532.0
cbo_feb_2024,2028,tp_eitc_max_credit_1,4617.0
cbo_feb_2024,2029,tp_eitc_max_credit_1,4709.0
cbo_feb_2024,2030,tp_eitc_max_credit_1,4801.0
cbo_feb_2024,2031,tp_eitc_max_credit_1,4896.0
cbo_feb_2024,2032,tp_eitc_max_credit_1,4995.0
cbo_feb_2024,2033,tp_eitc_max_credit_1,5093.0
cbo_feb_2024,2034,tp_eitc_max_credit_1,5195.0
cbo_feb_2024,2021,tp_eitc_max_credit_2,5980.0
cbo_feb_2024,2022,tp_eitc_max_credit_2,6164.0
cbo_feb_2024,2023,tp_eitc_max_credit_2,6604.0
cbo_feb_2024,2024,tp_eitc_max_credit_2,6960.0
cbo_feb_2024,2025,tp_eitc_max_credit_2,7176.0
cbo_feb_2024,2026,tp_eitc_max_credit_2,7340.0
cbo_feb_2024,2027,tp_eitc_max_credit_2,7488.0
cbo_feb_2024,2028,tp_eitc_max_credit_2,7632.0
cbo_feb_2024,2029,tp_eitc_max_credit_2,7780.0
cbo_feb_2024,2030,tp_eitc_max_credit_2,7932.0
cbo_feb_2024,2031,tp_eitc_max_credit_2,8088.0
cbo_feb_2024,2032,tp_eitc_max_credit_2,8248.0
cbo_feb_2024,2033,tp_eitc_max_credit_2,8416.0
cbo_feb_2024,2034,tp_eitc_max_credit_2,8584.0
cbo_feb_2024,2021,tp_eitc_max_credit_3plus,6728.0
cbo_feb_2024,2022,tp_eitc_max_credit_3plus,6935.0
cbo_feb_2024,2023,tp_eitc_max_credit_3plus,7430.0
cbo_feb_2024,2024,tp_eitc_max_credit_3plus,7830.0
cbo_feb_2024,2025,tp_eitc_max_credit_3plus,8073.0
cbo_feb_2024,2026,tp_eitc_max_credit_3plus,8258.0
cbo_feb_2024,2027,tp_eitc_max_credit_3plus,8424.0
cbo_feb_2024,2028,tp_eitc_max_credit_3plus,8586.0
cbo_feb_2024,2029,tp_eitc_max_credit_3plus,8752.0
cbo_feb_2024,2030,tp_eitc_max_credit_3plus,8924.0
cbo_feb_2024,2031,tp_eitc_max_credit_3plus,9099.0
cbo_feb_2024,2032,tp_eitc_max_credit_3plus,9279.0
cbo_feb_2024,2033,tp_eitc_max_credit_3plus,9468.0
cbo_feb_2024,2034,tp_eitc_max_credit_3plus,9657.0
cbo_feb_2024,2021,tp_eitc_phasein_rate_0,15.3
cbo_feb_2024,2022,tp_eitc_phasein_rate_0,7.65
cbo_feb_2024,2023,tp_eitc_phasein_rate_0,7.65
cbo_feb_2024,2024,tp_eitc_phasein_rate_0,7.65
cbo_feb_2024,2025,tp_eitc_phasein_rate_0,7.65
cbo_feb_2024,2026,tp_eitc_phasein_rate_0,7.65
cbo_feb_2024,2027,tp_eitc_phasein_rate_0,7.65
cbo_feb_2024,2028,tp_eitc_phasein_rate_0,7.65
cbo_feb_2024,2029,tp_eitc_phasein_rate_0,7.65
cbo_feb_2024,2030,tp_eitc_phasein_rate_0,7.65
cbo_feb_2024,2031,tp_eitc_phasein_rate_0,7.65
cbo_feb_2024,2032,tp_eitc_phasein_rate_0,7.65
cbo_feb_2024,2033,tp_eitc_phasein_rate_0,7.65
cbo_feb_2024,2034,tp_eitc_phasein_rate_0,7.65
cbo_feb_2024,2021,tp_eitc_phasein_rate_1,34.0
cbo_feb_2024,2022,tp_eitc_phasein_rate_1,34.0
cbo_feb_2024,2023,tp_eitc_phasein_rate_1,34.0
cbo_feb_2024,2024,tp_eitc_phasein_rate_1,34.0
cbo_feb_2024,2025,tp_eitc_phasein_rate_1,34.0
cbo_feb_2024,2026,tp_eitc_phasein_rate_1,34.0
cbo_feb_2024,2027,tp_eitc_phasein_rate_1,34.0
cbo_feb_2024,2028,tp_eitc_phasein_rate_1,34.0
cbo_feb_2024,2029,tp_eitc_phasein_rate_1,34.0
cbo_feb_2024,2030,tp_eitc_phasein_rate_1,34.0
cbo_feb_2024,2031,tp_eitc_phasein_rate_1,34.0
cbo_feb_2024,2032,tp_eitc_phasein_rate_1,34.0
cbo_feb_2024,2033,tp_eitc_phasein_rate_1,34.0
cbo_feb_2024,2034,tp_eitc_phasein_rate_1,34.0
cbo_feb_2024,2021,tp_eitc_phasein_rate_2,40.0
cbo_feb_2024,2022,tp_eitc_phasein_rate_2,40.0
cbo_feb_2024,2023,tp_eitc_phasein_rate_2,40.0
cbo_feb_2024,2024,tp_eitc_phasein_rate_2,40.0
cbo_feb_2024,2025,tp_eitc_phasein_rate_2,40.0
cbo_feb_2024,2026,tp_eitc_phasein_rate_2,40.0
cbo_feb_2024,2027,tp_eitc_phasein_rate_2,40.0
cbo_feb_2024,2028,tp_eitc_phasein_rate_2,40.0
cbo_feb_2024,2029,tp_eitc_phasein_rate_2,40.0
cbo_feb_2024,2030,tp_eitc_phasein_rate_2,40.0
cbo_feb_2024,2031,tp_eitc_phasein_rate_2,40.0
cbo_feb_2024,2032,tp_eitc_phasein_rate_2,40.0
cbo_feb_2024,2033,tp_eitc_phasein_rate_2,40.0
cbo_feb_2024,2034,tp_eitc_phasein_rate_2,40.0
cbo_feb_2024,2021,tp_eitc_phasein_rate_3plus,45.0
cbo_feb_2024,2022,tp_eitc_phasein_rate_3plus,45.0
cbo_feb_2024,2023,tp_eitc_phasein_rate_3plus,45.0
cbo_feb_2024,2024,tp_eitc_phasein_rate_3plus,45.0
cbo_feb_2024,2025,tp_eitc_phasein_rate_3plus,45.0
cbo_feb_2024,2026,tp_eitc_phasein_rate_3plus,45.0
cbo_feb_2024,2027,tp_eitc_phasein_rate_3plus,45.0
cbo_feb_2024,2028,tp_eitc_phasein_rate_3plus,45.0
cbo_feb_2024,2029,tp_eitc_phasein_rate_3plus,45.0
cbo_feb_2024,2030,tp_eitc_phasein_rate_3plus,45.0
cbo_feb_2024,2031,tp_eitc_phasein_rate_3plus,45.0
cbo_feb_2024,2032,tp_eitc_phasein_rate_3plus,45.0
cbo_feb_2024,2033,tp_eitc_phasein_rate_3plus,45.0
cbo_feb_2024,2034,tp_eitc_phasein_rate_3plus,45.0
cbo_feb_2024,2021,tp_eitc_phaseout_mfj_0,17550.0
cbo_feb_2024,2022,tp_eitc_phaseout_mfj_0,15290.0
cbo_feb_2024,2023,tp_eitc_phaseout_mfj_0,16370.0
cbo_feb_2024,2024,tp_eitc_phaseout_mfj_0,17250.0
cbo_feb_2024,2025,tp_eitc_phaseout_mfj_0,17790.0
cbo_feb_2024,2026,tp_eitc_phaseout_mfj_0,18200.0
cbo_feb_2024,2027,tp_eitc_phaseout_mfj_0,18560.0
cbo_feb_2024,2028,tp_eitc_phaseout_mfj_0,18920.0
cbo_feb_2024,2029,tp_eitc_phaseout_mfj_0,19290.0
cbo_feb_2024,2030,tp_eitc_phaseout_mfj_0,19660.0
cbo_feb_2024,2031,tp_eitc_phaseout_mfj_0,20050.0
cbo_feb_2024,2032,tp_eitc_phaseout_mfj_0,20450.0
cbo_feb_2024,2033,tp_eitc_phaseout_mfj_0,20860.0
cbo_feb_2024,2034,tp_eitc_phaseout_mfj_0,21280.0
cbo_feb_2024,2021,tp_eitc_phaseout_mfj_1,25470.0
cbo_feb_2024,2022,tp_eitc_phaseout_mfj_1,26260.0
cbo_feb_2024,2023,tp_eitc_phaseout_mfj_1,28120.0
cbo_feb_2024,2024,tp_eitc_phaseout_mfj_1,29640.0
cbo_feb_2024,2025,tp_eitc_phaseout_mfj_1,30560.0
cbo_feb_2024,2026,tp_eitc_phaseout_mfj_1,31270.0
cbo_feb_2024,2027,tp_eitc_phaseout_mfj_1,31890.0
cbo_feb_2024,2028,tp_eitc_phaseout_mfj_1,32510.0
cbo_feb_2024,2029,tp_eitc_phaseout_mfj_1,33130.0
cbo_feb_2024,2030,tp_eitc_phaseout_mfj_1,33780.0
cbo_feb_2024,2031,tp_eitc_phaseout_mfj_1,34450.0
cbo_feb_2024,2032,tp_eitc_phaseout_mfj_1,35140.0
cbo_feb_2024,2033,tp_eitc_phaseout_mfj_1,35840.0
cbo_feb_2024,2034,tp_eitc_phaseout_mfj_1,36560.0
cbo_feb_2024,2021,tp_eitc_phaseout_mfj_2,25470.0
cbo_feb_2024,2022,tp_eitc_phaseout_mfj_2,26260.0
cbo_feb_2024,2023,tp_eitc_phaseout_mfj_2,28120.0
cbo_feb_2024,2024,tp_eitc_phaseout_mfj_2,29640.0
cbo_feb_2024,2025,tp_eitc_phaseout_mfj_2,30560.0
cbo_feb_2024,2026,tp_eitc_phaseout_mfj_2,31270.0
cbo_feb_2024,2027,tp_eitc_phaseout_mfj_2,31890.0
cbo_feb_2024,2028,tp_eitc_phaseout_mfj_2,32510.0
cbo_feb_2024,2029,tp_eitc_phaseout_mfj_2,33130.0
cbo_feb_2024,2030,tp_eitc_phaseout_mfj_2,33780.0
cbo_feb_2024,2031,tp_eitc_phaseout_mfj_2,34450.0
cbo_feb_2024,2032,tp_eitc_phaseout_mfj_2,35140.0
cbo_feb_2024,2033,tp_eitc_phaseout_mfj_2,35840.0
cbo_feb_2024,2034,tp_eitc_phaseout_mfj_2,36560.0
cbo_feb_2024,2021,tp_eitc_phaseout_mfj_3plus,25470.0
cbo_feb_2024,2022,tp_eitc_phaseout_mfj_3plus,26260.0
cbo_feb_2024,2023,tp_eitc_phaseout_mfj_3plus,28120.0
cbo_feb_2024,2024,tp_eitc_phaseout_mfj_3plus,29640.0
cbo_feb_2024,2025,tp_eitc_phaseout_mfj_3plus,30560.0
cbo_feb_2024,2026,tp_eitc_phaseout_mfj_3plus,31270.0
cbo_feb_2024,2027,tp_eitc_phaseout_mfj_3plus,31890.0
cbo_feb_2024,2028,tp_eitc_phaseout_mfj_3plus,32510.0
cbo_feb_2024,2029,tp_eitc_phaseout_mfj_3plus,33130.0
cbo_feb_2024,2030,tp_eitc_phaseout_mfj_3plus,33780.0
cbo_feb_2024,2031,tp_eitc_phaseout_mfj_3plus,34450.0
cbo_feb_2024,2032,tp_eitc_phaseout_mfj_3plus,35140.0
cbo_feb_2024,2033,tp_eitc_phaseout_mfj_3plus,35840.0
cbo_feb_2024,2034,tp_eitc_phaseout_mfj_3plus,36560.0
cbo_feb_2024,2021,tp_eitc_phaseout_rate_0,15.3
cbo_feb_2024,2022,tp_eitc_phaseout_rate_0,7.65
cbo_feb_2024,2023,tp_eitc_phaseout_rate_0,7.65
cbo_feb_2024,2024,tp_eitc_phaseout_rate_0,7.65
cbo_feb_2024,2025,tp_eitc_phaseout_rate_0,7.65
cbo_feb_2024,2026,tp_eitc_phaseout_rate_0,7.65
cbo_feb_2024,2027,tp_eitc_phaseout_rate_0,7.65
cbo_feb_2024,2028,tp_eitc_phaseout_rate_0,7.65
cbo_feb_2024,2029,tp_eitc_phaseout_rate_0,7.65
cbo_feb_2024,2030,tp_eitc_phaseout_rate_0,7.65
cbo_feb_2024,2031,tp_eitc_phaseout_rate_0,7.65
cbo_feb_2024,2032,tp_eitc_phaseout_rate_0,7.65
cbo_feb_2024,2033,tp_eitc_phaseout_rate_0,7.65
cbo_feb_2024,2034,tp_eitc_phaseout_rate_0,7.65
cbo_feb_2024,2021,tp_eitc_phaseout_rate_1,15.98
cbo_feb_2024,2022,tp_eitc_phaseout_rate_1,15.98
cbo_feb_2024,2023,tp_eitc_phaseout_rate_1,15.98
cbo_feb_2024,2024,tp_eitc_phaseout_rate_1,15.98
cbo_feb_2024,2025,tp_eitc_phaseout_rate_1,15.98
cbo_feb_2024,2026,tp_eitc_phaseout_rate_1,15.98
cbo_feb_2024,2027,tp_eitc_phaseout_rate_1,15.98
cbo_feb_2024,2028,tp_eitc_phaseout_rate_1,15.98
cbo_feb_2024,2029,tp_eitc_phaseout_rate_1,15.98
cbo_feb_2024,2030,tp_eitc_phaseout_rate_1,15.98
cbo_feb_2024,2031,tp_eitc_phaseout_rate_1,15.98
cbo_feb_2024,2032,tp_eitc_phaseout_rate_1,15.98
cbo_feb_2024,2033,tp_eitc_phaseout_rate_1,15.98
cbo_feb_2024,2034,tp_eitc_phaseout_rate_1,15.98
cbo_feb_2024,2021,tp_eitc_phaseout_rate_2,21.06
cbo_feb_2024,2022,tp_eitc_phaseout_rate_2,21.06
cbo_feb_2024,2023,tp_eitc_phaseout_rate_2,21.06
cbo_feb_2024,2024,tp_eitc_phaseout_rate_2,21.06
cbo_feb_2024,2025,tp_eitc_phaseout_rate_2,21.06
cbo_feb_2024,2026,tp_eitc_phaseout_rate_2,21.06
cbo_feb_2024,2027,tp_eitc_phaseout_rate_2,21.06
cbo_feb_2024,2028,tp_eitc_phaseout_rate_2,21.06
cbo_feb_2024,2029,tp_eitc_phaseout_rate_2,21.06
cbo_feb_2024,2030,tp_eitc_phaseout_rate_2,21.06
cbo_feb_2024,2031,tp_eitc_phaseout_rate_2,21.06
cbo_feb_2024,2032,tp_eitc_phaseout_rate_2,21.06
cbo_feb_2024,2033,tp_eitc_phaseout_rate_2,21.06
cbo_feb_2024,2034,tp_eitc_phaseout_rate_2,21.06
cbo_feb_2024,2021,tp_eitc_phaseout_rate_3plus,21.06
cbo_feb_2024,2022,tp_eitc_phaseout_rate_3plus,21.06
cbo_feb_2024,2023,tp_eitc_phaseout_rate_3plus,21.06
cbo_feb_2024,2024,tp_eitc_phaseout_rate_3plus,21.06
cbo_feb_2024,2025,tp_eitc_phaseout_rate_3plus,21.06
cbo_feb_2024,2026,tp_eitc_phaseout_rate_3plus,21.06
cbo_feb_2024,2027,tp_eitc_phaseout_rate_3plus,21.06
cbo_feb_2024,2028,tp_eitc_phaseout_rate_3plus,21.06
cbo_feb_2024,2029,tp_eitc_phaseout_rate_3plus,21.06
cbo_feb_2024,2030,tp_eitc_phaseout_rate_3plus,21.06
cbo_feb_2024,2031,tp_eitc_phaseout_rate_3plus,21.06
cbo_feb_2024,2032,tp_eitc_phaseout_rate_3plus,21.06
cbo_feb_2024,2033,tp_eitc_phaseout_rate_3plus,21.06
cbo_feb_2024,2034,tp_eitc_phaseout_rate_3plus,21.06
cbo_feb_2024,2021,tp_eitc_phaseout_single_0,11610.0
cbo_feb_2024,2022,tp_eitc_phaseout_single_0,9160.0
cbo_feb_2024,2023,tp_eitc_phaseout_single_0,9800.0
cbo_feb_2024,2024,tp_eitc_phaseout_single_0,10330.0
cbo_feb_2024,2025,tp_eitc_phaseout_single_0,10650.0
cbo_feb_2024,2026,tp_eitc_phaseout_single_0,10900.0
cbo_feb_2024,2027,tp_eitc_phaseout_single_0,11120.0
cbo_feb_2024,2028,tp_eitc_phaseout_single_0,11330.0
cbo_feb_2024,2029,tp_eitc_phaseout_single_0,11550.0
cbo_feb_2024,2030,tp_eitc_phaseout_single_0,11780.0
cbo_feb_2024,2031,tp_eitc_phaseout_single_0,12010.0
cbo_feb_2024,2032,tp_eitc_phaseout_single_0,12250.0
cbo_feb_2024,2033,tp_eitc_phaseout_single_0,12490.0
cbo_feb_2024,2034,tp_eitc_phaseout_single_0,12740.0
cbo_feb_2024,2021,tp_eitc_phaseout_single_1,19520.0
cbo_feb_2024,2022,tp_eitc_phaseout_single_1,20130.0
cbo_feb_2024,2023,tp_eitc_phaseout_single_1,21560.0
cbo_feb_2024,2024,tp_eitc_phaseout_single_1,22720.0
cbo_feb_2024,2025,tp_eitc_phaseout_single_1,23420.0
cbo_feb_2024,2026,tp_eitc_phaseout_single_1,23970.0
cbo_feb_2024,2027,tp_eitc_phaseout_single_1,24450.0
cbo_feb_2024,2028,tp_eitc_phaseout_single_1,24920.0
cbo_feb_2024,2029,tp_eitc_phaseout_single_1,25400.0
cbo_feb_2024,2030,tp_eitc_phaseout_single_1,25900.0
cbo_feb_2024,2031,tp_eitc_phaseout_single_1,26410.0
cbo_feb_2024,2032,tp_eitc_phaseout_single_1,26930.0
cbo_feb_2024,2033,tp_eitc_phaseout_single_1,27470.0
cbo_feb_2024,2034,tp_eitc_phaseout_single_1,28020.0
cbo_feb_2024,2021,tp_eitc_phaseout_single_2,19520.0
cbo_feb_2024,2022,tp_eitc_phaseout_single_2,20130.0
cbo_feb_2024,2023,tp_eitc_phaseout_single_2,21560.0
cbo_feb_2024,2024,tp_eitc_phaseout_single_2,22720.0
cbo_feb_2024,2025,tp_eitc_phaseout_single_2,23420.0
cbo_feb_2024,2026,tp_eitc_phaseout_single_2,23970.0
cbo_feb_2024,2027,tp_eitc_phaseout_single_2,24450.0
cbo_feb_2024,2028,tp_eitc_phaseout_single_2,24920.0
cbo_feb_2024,2029,tp_eitc_phaseout_single_2,25400.0
cbo_feb_2024,2030,tp_eitc_phaseout_single_2,25900.0
cbo_feb_2024,2031,tp_eitc_phaseout_single_2,26410.0
cbo_feb_2024,2032,tp_eitc_phaseout_single_2,26930.0
cbo_feb_2024,2033,tp_eitc_phaseout_single_2,27470.0
cbo_feb_2024,2034,tp_eitc_phaseout_single_2,28020.0
cbo_feb_2024,2021,tp_eitc_phaseout_single_3plus,19520.0
cbo_feb_2024,2022,tp_eitc_phaseout_single_3plus,20130.0
cbo_feb_2024,2023,tp_eitc_phaseout_single_3plus,21560.0
cbo_feb_2024,2024,tp_eitc_phaseout_single_3plus,22720.0
cbo_feb_2024,2025,tp_eitc_phaseout_single_3plus,23420.0
cbo_feb_2024,2026,tp_eitc_phaseout_single_3plus,23970.0
cbo_feb_2024,2027,tp_eitc_phaseout_single_3plus,24450.0
cbo_feb_2024,2028,tp_eitc_phaseout_single_3plus,24920.0
cbo_feb_2024,2029,tp_eitc_phaseout_single_3plus,25400.0
cbo_feb_2024,2030,tp_eitc_phaseout_single_3plus,25900.0
cbo_feb_2024,2031,tp_eitc_phaseout_single_3plus,26410.0
cbo_feb_2024,2032,tp_eitc_phaseout_single_3plus,26930.0
cbo_feb_2024,2033,tp_eitc_phaseout_single_3plus,27470.0
cbo_feb_2024,2034,tp_eitc_phaseout_single_3plus,28020.0
cbo_feb_2024,2024,tp_emtr_capital_business,17.82
cbo_feb_2024,2025,tp_emtr_capital_business,18.53
cbo_feb_2024,2026,tp_emtr_capital_business,21.03
cbo_feb_2024,2027,tp_emtr_capital_business,21.93
cbo_feb_2024,2028,tp_emtr_capital_business,21.96
cbo_feb_2024,2029,tp_emtr_capital_business,21.98
cbo_feb_2024,2030,tp_emtr_capital_business,22.17
cbo_feb_2024,2031,tp_emtr_capital_business,22.21
cbo_feb_2024,2032,tp_emtr_capital_business,22.25
cbo_feb_2024,2033,tp_emtr_capital_business,22.27
cbo_feb_2024,2034,tp_emtr_capital_business,22.32
cbo_feb_2024,2024,tp_emtr_capital_business_c_corp,16.63
cbo_feb_2024,2025,tp_emtr_capital_business_c_corp,17.39
cbo_feb_2024,2026,tp_emtr_capital_business_c_corp,18.58
cbo_feb_2024,2027,tp_emtr_capital_business_c_corp,19.59
cbo_feb_2024,2028,tp_emtr_capital_business_c_corp,19.66
cbo_feb_2024,2029,tp_emtr_capital_business_c_corp,19.72
cbo_feb_2024,2030,tp_emtr_capital_business_c_corp,20.04
cbo_feb_2024,2031,tp_emtr_capital_business_c_corp,20.1
cbo_feb_2024,2032,tp_emtr_capital_business_c_corp,20.13
cbo_feb_2024,2033,tp_emtr_capital_business_c_corp,20.17
cbo_feb_2024,2034,tp_emtr_capital_business_c_corp,20.22
cbo_feb_2024,2024,tp_emtr_capital_business_debt,5.45
cbo_feb_2024,2025,tp_emtr_capital_business_debt,6.15
cbo_feb_2024,2026,tp_emtr_capital_business_debt,6.15
cbo_feb_2024,2027,tp_emtr_capital_business_debt,7.27
cbo_feb_2024,2028,tp_emtr_capital_business_debt,7.53
cbo_feb_2024,2029,tp_emtr_capital_business_debt,7.46
cbo_feb_2024,2030,tp_emtr_capital_business_debt,7.74
cbo_feb_2024,2031,tp_emtr_capital_business_debt,7.91
cbo_feb_2024,2032,tp_emtr_capital_business_debt,8.02
cbo_feb_2024,2033,tp_emtr_capital_business_debt,8.02
cbo_feb_2024,2034,tp_emtr_capital_business_debt,8.18
cbo_feb_2024,2024,tp_emtr_capital_business_equipment,10.21
cbo_feb_2024,2025,tp_emtr_capital_business_equipment,12.49
cbo_feb_2024,2026,tp_emtr_capital_business_equipment,15.31
cbo_feb_2024,2027,tp_emtr_capital_business_equipment,18.13
cbo_feb_2024,2028,tp_emtr_capital_business_equipment,18.25
cbo_feb_2024,2029,tp_emtr_capital_business_equipment,18.37
cbo_feb_2024,2030,tp_emtr_capital_business_equipment,18.74
cbo_feb_2024,2031,tp_emtr_capital_business_equipment,18.81
cbo_feb_2024,2032,tp_emtr_capital_business_equipment,18.88
cbo_feb_2024,2033,tp_emtr_capital_business_equipment,18.89
cbo_feb_2024,2034,tp_emtr_capital_business_equipment,18.96
cbo_feb_2024,2024,tp_emtr_capital_business_equity,20.54
cbo_feb_2024,2025,tp_emtr_capital_business_equity,21.25
cbo_feb_2024,2026,tp_emtr_capital_business_equity,24.11
cbo_feb_2024,2027,tp_emtr_capital_business_equity,24.98
cbo_feb_2024,2028,tp_emtr_capital_business_equity,24.96
cbo_feb_2024,2029,tp_emtr_capital_business_equity,24.99
cbo_feb_2024,2030,tp_emtr_capital_business_equity,25.18
cbo_feb_2024,2031,tp_emtr_capital_business_equity,25.19
cbo_feb_2024,2032,tp_emtr_capital_business_equity,25.21
cbo_feb_2024,2033,tp_emtr_capital_business_equity,25.24
cbo_feb_2024,2034,tp_emtr_capital_business_equity,25.26
cbo_feb_2024,2024,tp_emtr_capital_business_incl_land,19.85
cbo_feb_2024,2025,tp_emtr_capital_business_incl_land,20.39
cbo_feb_2024,2026,tp_emtr_capital_business_incl_land,23.09
cbo_feb_2024,2027,tp_emtr_capital_business_incl_land,23.78
cbo_feb_2024,2028,tp_emtr_capital_business_incl_land,23.78
cbo_feb_2024,2029,tp_emtr_capital_business_incl_land,23.78
cbo_feb_2024,2030,tp_emtr_capital_business_incl_land,23.93
cbo_feb_2024,2031,tp_emtr_capital_business_incl_land,23.96
cbo_feb_2024,2032,tp_emtr_capital_business_incl_land,24.0
cbo_feb_2024,2033,tp_emtr_capital_business_incl_land,24.02
cbo_feb_2024,2034,tp_emtr_capital_business_incl_land,24.06
cbo_feb_2024,2024,tp_emtr_capital_business_inventories,29.5
cbo_feb_2024,2025,tp_emtr_capital_business_inventories,29.48
cbo_feb_2024,2026,tp_emtr_capital_business_inventories,31.82
cbo_feb_2024,2027,tp_emtr_capital_business_inventories,31.79
cbo_feb_2024,2028,tp_emtr_capital_business_inventories,31.77
cbo_feb_2024,2029,tp_emtr_capital_business_inventories,31.69
cbo_feb_2024,2030,tp_emtr_capital_business_inventories,31.71
cbo_feb_2024,2031,tp_emtr_capital_business_inventories,31.73
cbo_feb_2024,2032,tp_emtr_capital_business_inventories,31.78
cbo_feb_2024,2033,tp_emtr_capital_business_inventories,31.79
cbo_feb_2024,2034,tp_emtr_capital_business_inventories,31.83
cbo_feb_2024,2024,tp_emtr_capital_business_land,27.11
cbo_feb_2024,2025,tp_emtr_capital_business_land,27.1
cbo_feb_2024,2026,tp_emtr_capital_business_land,30.44
cbo_feb_2024,2027,tp_emtr_capital_business_land,30.42
cbo_feb_2024,2028,tp_emtr_capital_business_land,30.38
cbo_feb_2024,2029,tp_emtr_capital_business_land,30.3
cbo_feb_2024,2030,tp_emtr_capital_business_land,30.29
cbo_feb_2024,2031,tp_emtr_capital_business_land,30.3
cbo_feb_2024,2032,tp_emtr_capital_business_land,30.34
cbo_feb_2024,2033,tp_emtr_capital_business_land,30.35
cbo_feb_2024,2034,tp_emtr_capital_business_land,30.38
cbo_feb_2024,2024,tp_emtr_capital_business_other_ip,17.19
cbo_feb_2024,2025,tp_emtr_capital_business_other_ip,20.66
cbo_feb_2024,2026,tp_emtr_capital_business_other_ip,24.39
cbo_feb_2024,2027,tp_emtr_capital_business_other_ip,27.34
cbo_feb_2024,2028,tp_emtr_capital_business_other_ip,27.4
cbo_feb_2024,2029,tp_emtr_capital_business_other_ip,27.4
cbo_feb_2024,2030,tp_emtr_capital_business_other_ip,27.59
cbo_feb_2024,2031,tp_emtr_capital_business_other_ip,27.65
cbo_feb_2024,2032,tp_emtr_capital_business_other_ip,27.71
cbo_feb_2024,2033,tp_emtr_capital_business_other_ip,27.73
cbo_feb_2024,2034,tp_emtr_capital_business_other_ip,27.79
cbo_feb_2024,2024,tp_emtr_capital_business_passthrough,20.78
cbo_feb_2024,2025,tp_emtr_capital_business_passthrough,21.37
cbo_feb_2024,2026,tp_emtr_capital_business_passthrough,26.8
cbo_feb_2024,2027,tp_emtr_capital_business_passthrough,27.47
cbo_feb_2024,2028,tp_emtr_capital_business_passthrough,27.4
cbo_feb_2024,2029,tp_emtr_capital_business_passthrough,27.33
cbo_feb_2024,2030,tp_emtr_capital_business_passthrough,27.27
cbo_feb_2024,2031,tp_emtr_capital_business_passthrough,27.26
cbo_feb_2024,2032,tp_emtr_capital_business_passthrough,27.3
cbo_feb_2024,2033,tp_emtr_capital_business_passthrough,27.3
cbo_feb_2024,2034,tp_emtr_capital_business_passthrough,27.32
cbo_feb_2024,2024,tp_emtr_capital_business_residential,23.96
cbo_feb_2024,2025,tp_emtr_capital_business_residential,24.01
cbo_feb_2024,2026,tp_emtr_capital_business_residential,27.88
cbo_feb_2024,2027,tp_emtr_capital_business_residential,27.91
cbo_feb_2024,2028,tp_emtr_capital_business_residential,27.86
cbo_feb_2024,2029,tp_emtr_capital_business_residential,27.78
cbo_feb_2024,2030,tp_emtr_capital_business_residential,27.74
cbo_feb_2024,2031,tp_emtr_capital_business_residential,27.74
cbo_feb_2024,2032,tp_emtr_capital_business_residential,27.78
cbo_feb_2024,2033,tp_emtr_capital_business_residential,27.79
cbo_feb_2024,2034,tp_emtr_capital_business_residential,27.82
cbo_feb_2024,2024,tp_emtr_capital_business_structures,19.51
cbo_feb_2024,2025,tp_emtr_capital_business_structures,19.9
cbo_feb_2024,2026,tp_emtr_capital_business_structures,21.81
cbo_feb_2024,2027,tp_emtr_capital_business_structures,22.4
cbo_feb_2024,2028,tp_emtr_capital_business_structures,22.37
cbo_feb_2024,2029,tp_emtr_capital_business_structures,22.32
cbo_feb_2024,2030,tp_emtr_capital_business_structures,22.43
cbo_feb_2024,2031,tp_emtr_capital_business_structures,22.45
cbo_feb_2024,2032,tp_emtr_capital_business_structures,22.45
cbo_feb_2024,2033,tp_emtr_capital_business_structures,22.5
cbo_feb_2024,2034,tp_emtr_capital_business_structures,22.53
cbo_feb_2024,2024,tp_emtr_capital_housing_debt,26.85
cbo_feb_2024,2025,tp_emtr_capital_housing_debt,26.25
cbo_feb_2024,2026,tp_emtr_capital_housing_debt,9.72
cbo_feb_2024,2027,tp_emtr_capital_housing_debt,8.79
cbo_feb_2024,2028,tp_emtr_capital_housing_debt,8.79
cbo_feb_2024,2029,tp_emtr_capital_housing_debt,8.17
cbo_feb_2024,2030,tp_emtr_capital_housing_debt,7.67
cbo_feb_2024,2031,tp_emtr_capital_housing_debt,7.78
cbo_feb_2024,2032,tp_emtr_capital_housing_debt,8.09
cbo_feb_2024,2033,tp_emtr_capital_housing_debt,7.91
cbo_feb_2024,2034,tp_emtr_capital_housing_debt,8.01
cbo_feb_2024,2024,tp_emtr_capital_housing_equity,-0.15
cbo_feb_2024,2025,tp_emtr_capital_housing_equity,-0.15
cbo_feb_2024,2026,tp_emtr_capital_housing_equity,-2.23
cbo_feb_2024,2027,tp_emtr_capital_housing_equity,-2.26
cbo_feb_2024,2028,tp_emtr_capital_housing_equity,-2.26
cbo_feb_2024,2029,tp_emtr_capital_housing_equity,-2.26
cbo_feb_2024,2030,tp_emtr_capital_housing_equity,-2.26
cbo_feb_2024,2031,tp_emtr_capital_housing_equity,-2.26
cbo_feb_2024,2032,tp_emtr_capital_housing_equity,-2.26
cbo_feb_2024,2033,tp_emtr_capital_housing_equity,-2.27
cbo_feb_2024,2034,tp_emtr_capital_housing_equity,-2.27
cbo_feb_2024,2024,tp_emtr_capital_housing_incl_land,8.28
cbo_feb_2024,2025,tp_emtr_capital_housing_incl_land,8.04
cbo_feb_2024,2026,tp_emtr_capital_housing_incl_land,0.96
cbo_feb_2024,2027,tp_emtr_capital_housing_incl_land,0.68
cbo_feb_2024,2028,tp_emtr_capital_housing_incl_land,0.67
cbo_feb_2024,2029,tp_emtr_capital_housing_incl_land,0.51
cbo_feb_2024,2030,tp_emtr_capital_housing_incl_land,0.37
cbo_feb_2024,2031,tp_emtr_capital_housing_incl_land,0.4
cbo_feb_2024,2032,tp_emtr_capital_housing_incl_land,0.48
cbo_feb_2024,2033,tp_emtr_capital_housing_incl_land,0.43
cbo_feb_2024,2034,tp_emtr_capital_housing_incl_land,0.45
cbo_feb_2024,2024,tp_emtr_capital_overall,14.46
cbo_feb_2024,2025,tp_emtr_capital_overall,14.86
cbo_feb_2024,2026,tp_emtr_capital_overall,14.49
cbo_feb_2024,2027,tp_emtr_capital_overall,15.07
cbo_feb_2024,2028,tp_emtr_capital_overall,15.09
cbo_feb_2024,2029,tp_emtr_capital_overall,15.05
cbo_feb_2024,2030,tp_emtr_capital_overall,15.15
cbo_feb_2024,2031,tp_emtr_capital_overall,15.19
cbo_feb_2024,2032,tp_emtr_capital_overall,15.24
cbo_feb_2024,2033,tp_emtr_capital_overall,15.25
cbo_feb_2024,2034,tp_emtr_capital_overall,15.29
cbo_feb_2024,2024,tp_emtr_capital_overall_incl_land,15.13
cbo_feb_2024,2025,tp_emtr_capital_overall_incl_land,15.38
cbo_feb_2024,2026,tp_emtr_capital_overall_incl_land,14.71
cbo_feb_2024,2027,tp_emtr_capital_overall_incl_land,15.09
cbo_feb_2024,2028,tp_emtr_capital_overall_incl_land,15.09
cbo_feb_2024,2029,tp_emtr_capital_overall_incl_land,15.03
cbo_feb_2024,2030,tp_emtr_capital_overall_incl_land,15.09
cbo_feb_2024,2031,tp_emtr_capital_overall_incl_land,15.12
cbo_feb_2024,2032,tp_emtr_capital_overall_incl_land,15.17
cbo_feb_2024,2033,tp_emtr_capital_overall_incl_land,15.17
cbo_feb_2024,2034,tp_emtr_capital_overall_incl_land,15.21
cbo_feb_2024,2024,tp_emtr_labor_combined,27.334
cbo_feb_2024,2025,tp_emtr_labor_combined,27.416
cbo_feb_2024,2026,tp_emtr_labor_combined,29.525
cbo_feb_2024,2027,tp_emtr_labor_combined,29.596
cbo_feb_2024,2028,tp_emtr_labor_combined,29.654
cbo_feb_2024,2029,tp_emtr_labor_combined,29.715
cbo_feb_2024,2030,tp_emtr_labor_combined,29.77
cbo_feb_2024,2031,tp_emtr_labor_combined,29.847
cbo_feb_2024,2032,tp_emtr_labor_combined,29.92
cbo_feb_2024,2033,tp_emtr_labor_combined,30.005
cbo_feb_2024,2034,tp_emtr_labor_combined,30.043
cbo_feb_2024,2024,tp_emtr_labor_iit,18.587
cbo_feb_2024,2025,tp_emtr_labor_iit,18.651
cbo_feb_2024,2026,tp_emtr_labor_iit,20.719
cbo_feb_2024,2027,tp_emtr_labor_iit,20.803
cbo_feb_2024,2028,tp_emtr_labor_iit,20.88
cbo_feb_2024,2029,tp_emtr_labor_iit,20.954
cbo_feb_2024,2030,tp_emtr_labor_iit,21.01
cbo_feb_2024,2031,tp_emtr_labor_iit,21.081
cbo_feb_2024,2032,tp_emtr_labor_iit,21.159
cbo_feb_2024,2033,tp_emtr_labor_iit,21.255
cbo_feb_2024,2034,tp_emtr_labor_iit,21.293
cbo_feb_2024,2024,tp_emtr_labor_payroll,8.747
cbo_feb_2024,2025,tp_emtr_labor_payroll,8.765
cbo_feb_2024,2026,tp_emtr_labor_payroll,8.806
cbo_feb_2024,2027,tp_emtr_labor_payroll,8.793
cbo_feb_2024,2028,tp_emtr_labor_payroll,8.774
cbo_feb_2024,2029,tp_emtr_labor_payroll,8.761
cbo_feb_2024,2030,tp_emtr_labor_payroll,8.76
cbo_feb_2024,2031,tp_emtr_labor_payroll,8.766
cbo_feb_2024,2032,tp_emtr_labor_payroll,8.762
cbo_feb_2024,2033,tp_emtr_labor_payroll,8.75
cbo_feb_2024,2034,tp_emtr_labor_payroll,8.75
cbo_feb_2024,2021,tp_itemized_limit_hoh,0.0
cbo_feb_2024,2022,tp_itemized_limit_hoh,0.0
cbo_feb_2024,2023,tp_itemized_limit_hoh,0.0
cbo_feb_2024,2024,tp_itemized_limit_hoh,0.0
cbo_feb_2024,2025,tp_itemized_limit_hoh,0.0
cbo_feb_2024,2026,tp_itemized_limit_hoh,375900.0
cbo_feb_2024,2027,tp_itemized_limit_hoh,383400.0
cbo_feb_2024,2028,tp_itemized_limit_hoh,390750.0
cbo_feb_2024,2029,tp_itemized_limit_hoh,398300.0
cbo_feb_2024,2030,tp_itemized_limit_hoh,406150.0
cbo_feb_2024,2031,tp_itemized_limit_hoh,414200.0
cbo_feb_2024,2032,tp_itemized_limit_hoh,422450.0
cbo_feb_2024,2033,tp_itemized_limit_hoh,430850.0
cbo_feb_2024,2034,tp_itemized_limit_hoh,439500.0
cbo_feb_2024,2021,tp_itemized_limit_mfj,0.0
cbo_feb_2024,2022,tp_itemized_limit_mfj,0.0
cbo_feb_2024,2023,tp_itemized_limit_mfj,0.0
cbo_feb_2024,2024,tp_itemized_limit_mfj,0.0
cbo_feb_2024,2025,tp_itemized_limit_mfj,0.0
cbo_feb_2024,2026,tp_itemized_limit_mfj,410050.0
cbo_feb_2024,2027,tp_itemized_limit_mfj,418250.0
cbo_feb_2024,2028,tp_itemized_limit_mfj,426300.0
cbo_feb_2024,2029,tp_itemized_limit_mfj,434550.0
cbo_feb_2024,2030,tp_itemized_limit_mfj,443050.0
cbo_feb_2024,2031,tp_itemized_limit_mfj,451850.0
cbo_feb_2024,2032,tp_itemized_limit_mfj,460850.0
cbo_feb_2024,2033,tp_itemized_limit_mfj,470050.0
cbo_feb_2024,2034,tp_itemized_limit_mfj,479450.0
cbo_feb_2024,2021,tp_itemized_limit_mfs,0.0
cbo_feb_2024,2022,tp_itemized_limit_mfs,0.0
cbo_feb_2024,2023,tp_itemized_limit_mfs,0.0
cbo_feb_2024,2024,tp_itemized_limit_mfs,0.0
cbo_feb_2024,2025,tp_itemized_limit_mfs,0.0
cbo_feb_2024,2026,tp_itemized_limit_mfs,205000.0
cbo_feb_2024,2027,tp_itemized_limit_mfs,209100.0
cbo_feb_2024,2028,tp_itemized_limit_mfs,213150.0
cbo_feb_2024,2029,tp_itemized_limit_mfs,217250.0
cbo_feb_2024,2030,tp_itemized_limit_mfs,221500.0
cbo_feb_2024,2031,tp_itemized_limit_mfs,225900.0
cbo_feb_2024,2032,tp_itemized_limit_mfs,230400.0
cbo_feb_2024,2033,tp_itemized_limit_mfs,235000.0
cbo_feb_2024,2034,tp_itemized_limit_mfs,239700.0
cbo_feb_2024,2021,tp_itemized_limit_single,0.0
cbo_feb_2024,2022,tp_itemized_limit_single,0.0
cbo_feb_2024,2023,tp_itemized_limit_single,0.0
cbo_feb_2024,2024,tp_itemized_limit_single,0.0
cbo_feb_2024,2025,tp_itemized_limit_single,0.0
cbo_feb_2024,2026,tp_itemized_limit_single,341700.0
cbo_feb_2024,2027,tp_itemized_limit_single,348550.0
cbo_feb_2024,2028,tp_itemized_limit_single,355250.0
cbo_feb_2024,2029,tp_itemized_limit_single,362100.0
cbo_feb_2024,2030,tp_itemized_limit_single,369200.0
cbo_feb_2024,2031,tp_itemized_limit_single,376550.0
cbo_feb_2024,2032,tp_itemized_limit_single,384050.0
cbo_feb_2024,2033,tp_itemized_limit_single,391700.0
cbo_feb_2024,2034,tp_itemized_limit_single,399550.0
cbo_feb_2024,2021,tp_n_statutory_rates,7.0
cbo_feb_2024,2022,tp_n_statutory_rates,7.0
cbo_feb_2024,2023,tp_n_statutory_rates,7.0
cbo_feb_2024,2024,tp_n_statutory_rates,7.0
cbo_feb_2024,2025,tp_n_statutory_rates,7.0
cbo_feb_2024,2026,tp_n_statutory_rates,7.0
cbo_feb_2024,2027,tp_n_statutory_rates,7.0
cbo_feb_2024,2028,tp_n_statutory_rates,7.0
cbo_feb_2024,2029,tp_n_statutory_rates,7.0
cbo_feb_2024,2030,tp_n_statutory_rates,7.0
cbo_feb_2024,2031,tp_n_statutory_rates,7.0
cbo_feb_2024,2032,tp_n_statutory_rates,7.0
cbo_feb_2024,2033,tp_n_statutory_rates,7.0
cbo_feb_2024,2034,tp_n_statutory_rates,7.0
cbo_feb_2024,2021,tp_pep_threshold_hoh,0.0
cbo_feb_2024,2022,tp_pep_threshold_hoh,0.0
cbo_feb_2024,2023,tp_pep_threshold_hoh,0.0
cbo_feb_2024,2024,tp_pep_threshold_hoh,0.0
cbo_feb_2024,2025,tp_pep_threshold_hoh,0.0
cbo_feb_2024,2026,tp_pep_threshold_hoh,375900.0
cbo_feb_2024,2027,tp_pep_threshold_hoh,383400.0
cbo_feb_2024,2028,tp_pep_threshold_hoh,390750.0
cbo_feb_2024,2029,tp_pep_threshold_hoh,398300.0
cbo_feb_2024,2030,tp_pep_threshold_hoh,406150.0
cbo_feb_2024,2031,tp_pep_threshold_hoh,414200.0
cbo_feb_2024,2032,tp_pep_threshold_hoh,422450.0
cbo_feb_2024,2033,tp_pep_threshold_hoh,430850.0
cbo_feb_2024,2034,tp_pep_threshold_hoh,439500.0
cbo_feb_2024,2021,tp_pep_threshold_mfj,0.0
cbo_feb_2024,2022,tp_pep_threshold_mfj,0.0
cbo_feb_2024,2023,tp_pep_threshold_mfj,0.0
cbo_feb_2024,2024,tp_pep_threshold_mfj,0.0
cbo_feb_2024,2025,tp_pep_threshold_mfj,0.0
cbo_feb_2024,2026,tp_pep_threshold_mfj,410050.0
cbo_feb_2024,2027,tp_pep_threshold_mfj,418250.0
cbo_feb_2024,2028,tp_pep_threshold_mfj,426300.0
cbo_feb_2024,2029,tp_pep_threshold_mfj,434550.0
cbo_feb_2024,2030,tp_pep_threshold_mfj,443050.0
cbo_feb_2024,2031,tp_pep_threshold_mfj,451850.0
cbo_feb_2024,2032,tp_pep_threshold_mfj,460850.0
cbo_feb_2024,2033,tp_pep_threshold_mfj,470050.0
cbo_feb_2024,2034,tp_pep_threshold_mfj,479450.0
cbo_feb_2024,2021,tp_pep_threshold_mfs,0.0
cbo_feb_2024,2022,tp_pep_threshold_mfs,0.0
cbo_feb_2024,2023,tp_pep_threshold_mfs,0.0
cbo_feb_2024,2024,tp_pep_threshold_mfs,0.0
cbo_feb_2024,2025,tp_pep_threshold_mfs,0.0
cbo_feb_2024,2026,tp_pep_threshold_mfs,205000.0
cbo_feb_2024,2027,tp_pep_threshold_mfs,209100.0
cbo_feb_2024,2028,tp_pep_threshold_mfs,213150.0
cbo_feb_2024,2029,tp_pep_threshold_mfs,217250.0
cbo_feb_2024,2030,tp_pep_threshold_mfs,221500.0
cbo_feb_2024,2031,tp_pep_threshold_mfs,225900.0
cbo_feb_2024,2032,tp_pep_threshold_mfs,230400.0
cbo_feb_2024,2033,tp_pep_threshold_mfs,235000.0
cbo_feb_2024,2034,tp_pep_threshold_mfs,239700.0
cbo_feb_2024,2021,tp_pep_threshold_single,0.0
cbo_feb_2024,2022,tp_pep_threshold_single,0.0
cbo_feb_2024,2023,tp_pep_threshold_single,0.0
cbo_feb_2024,2024,tp_pep_threshold_single,0.0
cbo_feb_2024,2025,tp_pep_threshold_single,0.0
cbo_feb_2024,2026,tp_pep_threshold_single,341700.0
cbo_feb_2024,2027,tp_pep_threshold_single,348550.0
cbo_feb_2024,2028,tp_pep_threshold_single,355250.0
cbo_feb_2024,2029,tp_pep_threshold_single,362100.0
cbo_feb_2024,2030,tp_pep_threshold_single,369200.0
cbo_feb_2024,2031,tp_pep_threshold_single,376550.0
cbo_feb_2024,2032,tp_pep_threshold_single,384050.0
cbo_feb_2024,2033,tp_pep_threshold_single,391700.0
cbo_feb_2024,2034,tp_pep_threshold_single,399550.0
cbo_feb_2024,2021,tp_personal_exemption,0.0
cbo_feb_2024,2022,tp_personal_exemption,0.0
cbo_feb_2024,2023,tp_personal_exemption,0.0
cbo_feb_2024,2024,tp_personal_exemption,0.0
cbo_feb_2024,2025,tp_personal_exemption,0.0
cbo_feb_2024,2026,tp_personal_exemption,5300.0
cbo_feb_2024,2027,tp_personal_exemption,5450.0
cbo_feb_2024,2028,tp_personal_exemption,5550.0
cbo_feb_2024,2029,tp_personal_exemption,5650.0
cbo_feb_2024,2030,tp_personal_exemption,5750.0
cbo_feb_2024,2031,tp_personal_exemption,5850.0
cbo_feb_2024,2032,tp_personal_exemption,6000.0
cbo_feb_2024,2033,tp_personal_exemption,6100.0
cbo_feb_2024,2034,tp_personal_exemption,6250.0
cbo_feb_2024,2021,tp_rate_1,10.0
cbo_feb_2024,2022,tp_rate_1,10.0
cbo_feb_2024,2023,tp_rate_1,10.0
cbo_feb_2024,2024,tp_rate_1,10.0
cbo_feb_2024,2025,tp_rate_1,10.0
cbo_feb_2024,2026,tp_rate_1,10.0
cbo_feb_2024,2027,tp_rate_1,10.0
cbo_feb_2024,2028,tp_rate_1,10.0
cbo_feb_2024,2029,tp_rate_1,10.0
cbo_feb_2024,2030,tp_rate_1,10.0
cbo_feb_2024,2031,tp_rate_1,10.0
cbo_feb_2024,2032,tp_rate_1,10.0
cbo_feb_2024,2033,tp_rate_1,10.0
cbo_feb_2024,2034,tp_rate_1,10.0
cbo_feb_2024,2021,tp_rate_2,12.0
cbo_feb_2024,2022,tp_rate_2,12.0
cbo_feb_2024,2023,tp_rate_2,12.0
cbo_feb_2024,2024,tp_rate_2,12.0
cbo_feb_2024,2025,tp_rate_2,12.0
cbo_feb_2024,2026,tp_rate_2,15.0
cbo_feb_2024,2027,tp_rate_2,15.0
cbo_feb_2024,2028,tp_rate_2,15.0
cbo_feb_2024,2029,tp_rate_2,15.0
cbo_feb_2024,2030,tp_rate_2,15.0
cbo_feb_2024,2031,tp_rate_2,15.0
cbo_feb_2024,2032,tp_rate_2,15.0
cbo_feb_2024,2033,tp_rate_2,15.0
cbo_feb_2024,2034,tp_rate_2,15.0
cbo_feb_2024,2021,tp_rate_3,22.0
cbo_feb_2024,2022,tp_rate_3,22.0
cbo_feb_2024,2023,tp_rate_3,22.0
cbo_feb_2024,2024,tp_rate_3,22.0
cbo_feb_2024,2025,tp_rate_3,22.0
cbo_feb_2024,2026,tp_rate_3,25.0
cbo_feb_2024,2027,tp_rate_3,25.0
cbo_feb_2024,2028,tp_rate_3,25.0
cbo_feb_2024,2029,tp_rate_3,25.0
cbo_feb_2024,2030,tp_rate_3,25.0
cbo_feb_2024,2031,tp_rate_3,25.0
cbo_feb_2024,2032,tp_rate_3,25.0
cbo_feb_2024,2033,tp_rate_3,25.0
cbo_feb_2024,2034,tp_rate_3,25.0
cbo_feb_2024,2021,tp_rate_4,24.0
cbo_feb_2024,2022,tp_rate_4,24.0
cbo_feb_2024,2023,tp_rate_4,24.0
cbo_feb_2024,2024,tp_rate_4,24.0
cbo_feb_2024,2025,tp_rate_4,24.0
cbo_feb_2024,2026,tp_rate_4,28.0
cbo_feb_2024,2027,tp_rate_4,28.0
cbo_feb_2024,2028,tp_rate_4,28.0
cbo_feb_2024,2029,tp_rate_4,28.0
cbo_feb_2024,2030,tp_rate_4,28.0
cbo_feb_2024,2031,tp_rate_4,28.0
cbo_feb_2024,2032,tp_rate_4,28.0
cbo_feb_2024,2033,tp_rate_4,28.0
cbo_feb_2024,2034,tp_rate_4,28.0
cbo_feb_2024,2021,tp_rate_5,32.0
cbo_feb_2024,2022,tp_rate_5,32.0
cbo_feb_2024,2023,tp_rate_5,32.0
cbo_feb_2024,2024,tp_rate_5,32.0
cbo_feb_2024,2025,tp_rate_5,32.0
cbo_feb_2024,2026,tp_rate_5,33.0
cbo_feb_2024,2027,tp_rate_5,33.0
cbo_feb_2024,2028,tp_rate_5,33.0
cbo_feb_2024,2029,tp_rate_5,33.0
cbo_feb_2024,2030,tp_rate_5,33.0
cbo_feb_2024,2031,tp_rate_5,33.0
cbo_feb_2024,2032,tp_rate_5,33.0
cbo_feb_2024,2033,tp_rate_5,33.0
cbo_feb_2024,2034,tp_rate_5,33.0
cbo_feb_2024,2021,tp_rate_6,35.0
cbo_feb_2024,2022,tp_rate_6,35.0
cbo_feb_2024,2023,tp_rate_6,35.0
cbo_feb_2024,2024,tp_rate_6,35.0
cbo_feb_2024,2025,tp_rate_6,35.0
cbo_feb_2024,2026,tp_rate_6,35.0
cbo_feb_2024,2027,tp_rate_6,35.0
cbo_feb_2024,2028,tp_rate_6,35.0
cbo_feb_2024,2029,tp_rate_6,35.0
cbo_feb_2024,2030,tp_rate_6,35.0
cbo_feb_2024,2031,tp_rate_6,35.0
cbo_feb_2024,2032,tp_rate_6,35.0
cbo_feb_2024,2033,tp_rate_6,35.0
cbo_feb_2024,2034,tp_rate_6,35.0
cbo_feb_2024,2021,tp_rate_7,37.0
cbo_feb_2024,2022,tp_rate_7,37.0
cbo_feb_2024,2023,tp_rate_7,37.0
cbo_feb_2024,2024,tp_rate_7,37.0
cbo_feb_2024,2025,tp_rate_7,37.0
cbo_feb_2024,2026,tp_rate_7,39.6
cbo_feb_2024,2027,tp_rate_7,39.6
cbo_feb_2024,2028,tp_rate_7,39.6
cbo_feb_2024,2029,tp_rate_7,39.6
cbo_feb_2024,2030,tp_rate_7,39.6
cbo_feb_2024,2031,tp_rate_7,39.6
cbo_feb_2024,2032,tp_rate_7,39.6
cbo_feb_2024,2033,tp_rate_7,39.6
cbo_feb_2024,2034,tp_rate_7,39.6
cbo_feb_2024,2021,tp_ss_max_earnings,142800.0
cbo_feb_2024,2022,tp_ss_max_earnings,147000.0
cbo_feb_2024,2023,tp_ss_max_earnings,160200.0
cbo_feb_2024,2024,tp_ss_max_earnings,168600.0
cbo_feb_2024,2025,tp_ss_max_earnings,176100.0
cbo_feb_2024,2026,tp_ss_max_earnings,185100.0
cbo_feb_2024,2027,tp_ss_max_earnings,191400.0
cbo_feb_2024,2028,tp_ss_max_earnings,197700.0
cbo_feb_2024,2029,tp_ss_max_earnings,204300.0
cbo_feb_2024,2030,tp_ss_max_earnings,211500.0
cbo_feb_2024,2031,tp_ss_max_earnings,219000.0
cbo_feb_2024,2032,tp_ss_max_earnings,226500.0
cbo_feb_2024,2033,tp_ss_max_earnings,234000.0
cbo_feb_2024,2034,tp_ss_max_earnings,242100.0
cbo_feb_2024,2021,tp_std_deduction_dependent,1100.0
cbo_feb_2024,2022,tp_std_deduction_dependent,1150.0
cbo_feb_2024,2023,tp_std_deduction_dependent,1250.0
cbo_feb_2024,2024,tp_std_deduction_dependent,1300.0
cbo_feb_2024,2025,tp_std_deduction_dependent,1350.0
cbo_feb_2024,2026,tp_std_deduction_dependent,1350.0
cbo_feb_2024,2027,tp_std_deduction_dependent,1400.0
cbo_feb_2024,2028,tp_std_deduction_dependent,1400.0
cbo_feb_2024,2029,tp_std_deduction_dependent,1450.0
cbo_feb_2024,2030,tp_std_deduction_dependent,1500.0
cbo_feb_2024,2031,tp_std_deduction_dependent,1500.0
cbo_feb_2024,2032,tp_std_deduction_dependent,1550.0
cbo_feb_2024,2033,tp_std_deduction_dependent,1550.0
cbo_feb_2024,2034,tp_std_deduction_dependent,1600.0
cbo_feb_2024,2021,tp_std_deduction_hoh,18800.0
cbo_feb_2024,2022,tp_std_deduction_hoh,19400.0
cbo_feb_2024,2023,tp_std_deduction_hoh,20800.0
cbo_feb_2024,2024,tp_std_deduction_hoh,21900.0
cbo_feb_2024,2025,tp_std_deduction_hoh,22600.0
cbo_feb_2024,2026,tp_std_deduction_hoh,12250.0
cbo_feb_2024,2027,tp_std_deduction_hoh,12450.0
cbo_feb_2024,2028,tp_std_deduction_hoh,12700.0
cbo_feb_2024,2029,tp_std_deduction_hoh,12950.0
cbo_feb_2024,2030,tp_std_deduction_hoh,13200.0
cbo_feb_2024,2031,tp_std_deduction_hoh,13500.0
cbo_feb_2024,2032,tp_std_deduction_hoh,13750.0
cbo_feb_2024,2033,tp_std_deduction_hoh,14000.0
cbo_feb_2024,2034,tp_std_deduction_hoh,14300.0
cbo_feb_2024,2021,tp_std_deduction_mfj,25100.0
cbo_feb_2024,2022,tp_std_deduction_mfj,25900.0
cbo_feb_2024,2023,tp_std_deduction_mfj,27700.0
cbo_feb_2024,2024,tp_std_deduction_mfj,29200.0
cbo_feb_2024,2025,tp_std_deduction_mfj,30100.0
cbo_feb_2024,2026,tp_std_deduction_mfj,16700.0
cbo_feb_2024,2027,tp_std_deduction_mfj,17000.0
cbo_feb_2024,2028,tp_std_deduction_mfj,17300.0
cbo_feb_2024,2029,tp_std_deduction_mfj,17700.0
cbo_feb_2024,2030,tp_std_deduction_mfj,18000.0
cbo_feb_2024,2031,tp_std_deduction_mfj,18400.0
cbo_feb_2024,2032,tp_std_deduction_mfj,18700.0
cbo_feb_2024,2033,tp_std_deduction_mfj,19100.0
cbo_feb_2024,2034,tp_std_deduction_mfj,19500.0
cbo_feb_2024,2021,tp_std_deduction_mfs,12550.0
cbo_feb_2024,2022,tp_std_deduction_mfs,12950.0
cbo_feb_2024,2023,tp_std_deduction_mfs,13850.0
cbo_feb_2024,2024,tp_std_deduction_mfs,14600.0
cbo_feb_2024,2025,tp_std_deduction_mfs,15050.0
cbo_feb_2024,2026,tp_std_deduction_mfs,8350.0
cbo_feb_2024,2027,tp_std_deduction_mfs,8500.0
cbo_feb_2024,2028,tp_std_deduction_mfs,8650.0
cbo_feb_2024,2029,tp_std_deduction_mfs,8850.0
cbo_feb_2024,2030,tp_std_deduction_mfs,9000.0
cbo_feb_2024,2031,tp_std_deduction_mfs,9200.0
cbo_feb_2024,2032,tp_std_deduction_mfs,9350.0
cbo_feb_2024,2033,tp_std_deduction_mfs,9550.0
cbo_feb_2024,2034,tp_std_deduction_mfs,9750.0
cbo_feb_2024,2021,tp_std_deduction_single,12550.0
cbo_feb_2024,2022,tp_std_deduction_single,12950.0
cbo_feb_2024,2023,tp_std_deduction_single,13850.0
cbo_feb_2024,2024,tp_std_deduction_single,14600.0
cbo_feb_2024,2025,tp_std_deduction_single,15050.0
cbo_feb_2024,2026,tp_std_deduction_single,8350.0
cbo_feb_2024,2027,tp_std_deduction_single,8500.0
cbo_feb_2024,2028,tp_std_deduction_single,8650.0
cbo_feb_2024,2029,tp_std_deduction_single,8850.0
cbo_feb_2024,2030,tp_std_deduction_single,9000.0
cbo_feb_2024,2031,tp_std_deduction_single,9200.0
cbo_feb_2024,2032,tp_std_deduction_single,9350.0
cbo_feb_2024,2033,tp_std_deduction_single,9550.0
cbo_feb_2024,2034,tp_std_deduction_single,9750.0
cbo_feb_2024,2024,tp_wedge_business,1.1
cbo_feb_2024,2025,tp_wedge_business,1.15
cbo_feb_2024,2026,tp_wedge_business,1.26
cbo_feb_2024,2027,tp_wedge_business,1.32
cbo_feb_2024,2028,tp_wedge_business,1.32
cbo_feb_2024,2029,tp_wedge_business,1.32
cbo_feb_2024,2030,tp_wedge_business,1.33
cbo_feb_2024,2031,tp_wedge_business,1.33
cbo_feb_2024,2032,tp_wedge_business,1.34
cbo_feb_2024,2033,tp_wedge_business,1.34
cbo_feb_2024,2034,tp_wedge_business,1.34
cbo_feb_2024,2024,tp_wedge_business_c_corp,1.23
cbo_feb_2024,2025,tp_wedge_business_c_corp,1.27
cbo_feb_2024,2026,tp_wedge_business_c_corp,1.32
cbo_feb_2024,2027,tp_wedge_business_c_corp,1.38
cbo_feb_2024,2028,tp_wedge_business_c_corp,1.38
cbo_feb_2024,2029,tp_wedge_business_c_corp,1.38
cbo_feb_2024,2030,tp_wedge_business_c_corp,1.39
cbo_feb_2024,2031,tp_wedge_business_c_corp,1.39
cbo_feb_2024,2032,tp_wedge_business_c_corp,1.4
cbo_feb_2024,2033,tp_wedge_business_c_corp,1.4
cbo_feb_2024,2034,tp_wedge_business_c_corp,1.4
cbo_feb_2024,2024,tp_wedge_business_debt,0.52
cbo_feb_2024,2025,tp_wedge_business_debt,0.55
cbo_feb_2024,2026,tp_wedge_business_debt,0.54
cbo_feb_2024,2027,tp_wedge_business_debt,0.6
cbo_feb_2024,2028,tp_wedge_business_debt,0.6
cbo_feb_2024,2029,tp_wedge_business_debt,0.6
cbo_feb_2024,2030,tp_wedge_business_debt,0.61
cbo_feb_2024,2031,tp_wedge_business_debt,0.61
cbo_feb_2024,2032,tp_wedge_business_debt,0.61
cbo_feb_2024,2033,tp_wedge_business_debt,0.61
cbo_feb_2024,2034,tp_wedge_business_debt,0.62
cbo_feb_2024,2024,tp_wedge_business_diff_asset_pairs,0.85
cbo_feb_2024,2025,tp_wedge_business_diff_asset_pairs,0.8
cbo_feb_2024,2026,tp_wedge_business_diff_asset_pairs,0.79
cbo_feb_2024,2027,tp_wedge_business_diff_asset_pairs,0.74
cbo_feb_2024,2028,tp_wedge_business_diff_asset_pairs,0.74
cbo_feb_2024,2029,tp_wedge_business_diff_asset_pairs,0.73
cbo_feb_2024,2030,tp_wedge_business_diff_asset_pairs,0.73
cbo_feb_2024,2031,tp_wedge_business_diff_asset_pairs,0.73
cbo_feb_2024,2032,tp_wedge_business_diff_asset_pairs,0.73
cbo_feb_2024,2033,tp_wedge_business_diff_asset_pairs,0.73
cbo_feb_2024,2034,tp_wedge_business_diff_asset_pairs,0.73
cbo_feb_2024,2024,tp_wedge_business_diff_financing,0.86
cbo_feb_2024,2025,tp_wedge_business_diff_financing,0.88
cbo_feb_2024,2026,tp_wedge_business_diff_financing,1.06
cbo_feb_2024,2027,tp_wedge_business_diff_financing,1.07
cbo_feb_2024,2028,tp_wedge_business_diff_financing,1.07
cbo_feb_2024,2029,tp_wedge_business_diff_financing,1.07
cbo_feb_2024,2030,tp_wedge_business_diff_financing,1.06
cbo_feb_2024,2031,tp_wedge_business_diff_financing,1.06
cbo_feb_2024,2032,tp_wedge_business_diff_financing,1.07
cbo_feb_2024,2033,tp_wedge_business_diff_financing,1.07
cbo_feb_2024,2034,tp_wedge_business_diff_financing,1.07
cbo_feb_2024,2024,tp_wedge_business_diff_industry_pairs,0.11
cbo_feb_2024,2025,tp_wedge_business_diff_industry_pairs,0.1
cbo_feb_2024,2026,tp_wedge_business_diff_industry_pairs,0.09
cbo_feb_2024,2027,tp_wedge_business_diff_industry_pairs,0.06
cbo_feb_2024,2028,tp_wedge_business_diff_industry_pairs,0.05
cbo_feb_2024,2029,tp_wedge_business_diff_industry_pairs,0.04
cbo_feb_2024,2030,tp_wedge_business_diff_industry_pairs,0.03
cbo_feb_2024,2031,tp_wedge_business_diff_industry_pairs,0.03
cbo_feb_2024,2032,tp_wedge_business_diff_industry_pairs,0.03
cbo_feb_2024,2033,tp_wedge_business_diff_industry_pairs,0.03
cbo_feb_2024,2034,tp_wedge_business_diff_industry_pairs,0.03
cbo_feb_2024,2024,tp_wedge_business_diff_legal_form,0.38
cbo_feb_2024,2025,tp_wedge_business_diff_legal_form,0.37
cbo_feb_2024,2026,tp_wedge_business_diff_legal_form,0.19
cbo_feb_2024,2027,tp_wedge_business_diff_legal_form,0.17
cbo_feb_2024,2028,tp_wedge_business_diff_legal_form,0.17
cbo_feb_2024,2029,tp_wedge_business_diff_legal_form,0.17
cbo_feb_2024,2030,tp_wedge_business_diff_legal_form,0.18
cbo_feb_2024,2031,tp_wedge_business_diff_legal_form,0.18
cbo_feb_2024,2032,tp_wedge_business_diff_legal_form,0.18
cbo_feb_2024,2033,tp_wedge_business_diff_legal_form,0.18
cbo_feb_2024,2034,tp_wedge_business_diff_legal_form,0.18
cbo_feb_2024,2024,tp_wedge_business_equity,1.38
cbo_feb_2024,2025,tp_wedge_business_equity,1.43
cbo_feb_2024,2026,tp_wedge_business_equity,1.6
cbo_feb_2024,2027,tp_wedge_business_equity,1.66
cbo_feb_2024,2028,tp_wedge_business_equity,1.66
cbo_feb_2024,2029,tp_wedge_business_equity,1.66
cbo_feb_2024,2030,tp_wedge_business_equity,1.67
cbo_feb_2024,2031,tp_wedge_business_equity,1.67
cbo_feb_2024,2032,tp_wedge_business_equity,1.68
cbo_feb_2024,2033,tp_wedge_business_equity,1.68
cbo_feb_2024,2034,tp_wedge_business_equity,1.68
cbo_feb_2024,2024,tp_wedge_business_passthrough,0.85
cbo_feb_2024,2025,tp_wedge_business_passthrough,0.9
cbo_feb_2024,2026,tp_wedge_business_passthrough,1.13
cbo_feb_2024,2027,tp_wedge_business_passthrough,1.21
cbo_feb_2024,2028,tp_wedge_business_passthrough,1.21
cbo_feb_2024,2029,tp_wedge_business_passthrough,1.21
cbo_feb_2024,2030,tp_wedge_business_passthrough,1.21
cbo_feb_2024,2031,tp_wedge_business_passthrough,1.21
cbo_feb_2024,2032,tp_wedge_business_passthrough,1.22
cbo_feb_2024,2033,tp_wedge_business_passthrough,1.21
cbo_feb_2024,2034,tp_wedge_business_passthrough,1.22
cbo_feb_2024,2024,tp_wedge_diff_housing_business,-0.99
cbo_feb_2024,2025,tp_wedge_diff_housing_business,-1.06
cbo_feb_2024,2026,tp_wedge_diff_housing_business,-1.68
cbo_feb_2024,2027,tp_wedge_diff_housing_business,-1.75
cbo_feb_2024,2028,tp_wedge_diff_housing_business,-1.76
cbo_feb_2024,2029,tp_wedge_diff_housing_business,-1.76
cbo_feb_2024,2030,tp_wedge_diff_housing_business,-1.77
cbo_feb_2024,2031,tp_wedge_diff_housing_business,-1.77
cbo_feb_2024,2032,tp_wedge_diff_housing_business,-1.78
cbo_feb_2024,2033,tp_wedge_diff_housing_business,-1.78
cbo_feb_2024,2034,tp_wedge_diff_housing_business,-1.79
cbo_feb_2024,2024,tp_wedge_diff_owner_renter,-1.33
cbo_feb_2024,2025,tp_wedge_diff_owner_renter,-1.35
cbo_feb_2024,2026,tp_wedge_diff_owner_renter,-1.93
cbo_feb_2024,2027,tp_wedge_diff_owner_renter,-1.94
cbo_feb_2024,2028,tp_wedge_diff_owner_renter,-1.94
cbo_feb_2024,2029,tp_wedge_diff_owner_renter,-1.94
cbo_feb_2024,2030,tp_wedge_diff_owner_renter,-1.94
cbo_feb_2024,2031,tp_wedge_diff_owner_renter,-1.94
cbo_feb_2024,2032,tp_wedge_diff_owner_renter,-1.95
cbo_feb_2024,2033,tp_wedge_diff_owner_renter,-1.95
cbo_feb_2024,2034,tp_wedge_diff_owner_renter,-1.96
cbo_feb_2024,2024,tp_wedge_housing,0.12
cbo_feb_2024,2024,tp_wedge_housing,0.12
cbo_feb_2024,2025,tp_wedge_housing,0.09
cbo_feb_2024,2025,tp_wedge_housing,0.09
cbo_feb_2024,2026,tp_wedge_housing,-0.42
cbo_feb_2024,2026,tp_wedge_housing,-0.42
cbo_feb_2024,2027,tp_wedge_housing,-0.43
cbo_feb_2024,2027,tp_wedge_housing,-0.43
cbo_feb_2024,2028,tp_wedge_housing,-0.44
cbo_feb_2024,2028,tp_wedge_housing,-0.44
cbo_feb_2024,2029,tp_wedge_housing,-0.44
cbo_feb_2024,2029,tp_wedge_housing,-0.44
cbo_feb_2024,2030,tp_wedge_housing,-0.44
cbo_feb_2024,2030,tp_wedge_housing,-0.44
cbo_feb_2024,2031,tp_wedge_housing,-0.44
cbo_feb_2024,2031,tp_wedge_housing,-0.44
cbo_feb_2024,2032,tp_wedge_housing,-0.45
cbo_feb_2024,2032,tp_wedge_housing,-0.45
cbo_feb_2024,2033,tp_wedge_housing,-0.45
cbo_feb_2024,2033,tp_wedge_housing,-0.45
cbo_feb_2024,2034,tp_wedge_housing,-0.45
cbo_feb_2024,2034,tp_wedge_housing,-0.45
cbo_feb_2024,2024,tp_wedge_housing_debt,0.34
cbo_feb_2024,2025,tp_wedge_housing_debt,0.27
cbo_feb_2024,2026,tp_wedge_housing_debt,-0.83
cbo_feb_2024,2027,tp_wedge_housing_debt,-0.86
cbo_feb_2024,2028,tp_wedge_housing_debt,-0.87
cbo_feb_2024,2029,tp_wedge_housing_debt,-0.88
cbo_feb_2024,2030,tp_wedge_housing_debt,-0.88
cbo_feb_2024,2031,tp_wedge_housing_debt,-0.88
cbo_feb_2024,2032,tp_wedge_housing_debt,-0.89
cbo_feb_2024,2033,tp_wedge_housing_debt,-0.89
cbo_feb_2024,2034,tp_wedge_housing_debt,-0.89
cbo_feb_2024,2024,tp_wedge_housing_diff_financing,-0.35
cbo_feb_2024,2025,tp_wedge_housing_diff_financing,-0.28
cbo_feb_2024,2026,tp_wedge_housing_diff_financing,0.64
cbo_feb_2024,2027,tp_wedge_housing_diff_financing,0.66
cbo_feb_2024,2028,tp_wedge_housing_diff_financing,0.68
cbo_feb_2024,2029,tp_wedge_housing_diff_financing,0.69
cbo_feb_2024,2030,tp_wedge_housing_diff_financing,0.68
cbo_feb_2024,2031,tp_wedge_housing_diff_financing,0.69
cbo_feb_2024,2032,tp_wedge_housing_diff_financing,0.7
cbo_feb_2024,2033,tp_wedge_housing_diff_financing,0.7
cbo_feb_2024,2034,tp_wedge_housing_diff_financing,0.7
cbo_feb_2024,2024,tp_wedge_housing_equity,-0.01
cbo_feb_2024,2025,tp_wedge_housing_equity,-0.01
cbo_feb_2024,2026,tp_wedge_housing_equity,-0.19
cbo_feb_2024,2027,tp_wedge_housing_equity,-0.19
cbo_feb_2024,2028,tp_wedge_housing_equity,-0.19
cbo_feb_2024,2029,tp_wedge_housing_equity,-0.19
cbo_feb_2024,2030,tp_wedge_housing_equity,-0.19
cbo_feb_2024,2031,tp_wedge_housing_equity,-0.19
cbo_feb_2024,2032,tp_wedge_housing_equity,-0.19
cbo_feb_2024,2033,tp_wedge_housing_equity,-0.19
cbo_feb_2024,2034,tp_wedge_housing_equity,-0.19
cbo_feb_2024,2024,tp_wedge_renter_structures,1.45
cbo_feb_2024,2025,tp_wedge_renter_structures,1.44
cbo_feb_2024,2026,tp_wedge_renter_structures,1.51
cbo_feb_2024,2027,tp_wedge_renter_structures,1.5
cbo_feb_2024,2028,tp_wedge_renter_structures,1.5
cbo_feb_2024,2029,tp_wedge_renter_structures,1.5
cbo_feb_2024,2030,tp_wedge_renter_structures,1.5
cbo_feb_2024,2031,tp_wedge_renter_structures,1.5
cbo_feb_2024,2032,tp_wedge_renter_structures,1.5
cbo_feb_2024,2033,tp_wedge_renter_structures,1.51
cbo_feb_2024,2034,tp_wedge_renter_structures,1.51
cbo_jan_2025,2022,tp_additional_deduction_mfj_mfs,1400.0
cbo_jan_2025,2023,tp_additional_deduction_mfj_mfs,1500.0
cbo_jan_2025,2024,tp_additional_deduction_mfj_mfs,1550.0
cbo_jan_2025,2025,tp_additional_deduction_mfj_mfs,1600.0
cbo_jan_2025,2026,tp_additional_deduction_mfj_mfs,1650.0
cbo_jan_2025,2027,tp_additional_deduction_mfj_mfs,1650.0
cbo_jan_2025,2028,tp_additional_deduction_mfj_mfs,1700.0
cbo_jan_2025,2029,tp_additional_deduction_mfj_mfs,1750.0
cbo_jan_2025,2030,tp_additional_deduction_mfj_mfs,1800.0
cbo_jan_2025,2031,tp_additional_deduction_mfj_mfs,1800.0
cbo_jan_2025,2032,tp_additional_deduction_mfj_mfs,1850.0
cbo_jan_2025,2033,tp_additional_deduction_mfj_mfs,1900.0
cbo_jan_2025,2034,tp_additional_deduction_mfj_mfs,1900.0
cbo_jan_2025,2035,tp_additional_deduction_mfj_mfs,1950.0
cbo_jan_2025,2022,tp_additional_deduction_single_hoh,1750.0
cbo_jan_2025,2023,tp_additional_deduction_single_hoh,1850.0
cbo_jan_2025,2024,tp_additional_deduction_single_hoh,1950.0
cbo_jan_2025,2025,tp_additional_deduction_single_hoh,2000.0
cbo_jan_2025,2026,tp_additional_deduction_single_hoh,2050.0
cbo_jan_2025,2027,tp_additional_deduction_single_hoh,2100.0
cbo_jan_2025,2028,tp_additional_deduction_single_hoh,2150.0
cbo_jan_2025,2029,tp_additional_deduction_single_hoh,2200.0
cbo_jan_2025,2030,tp_additional_deduction_single_hoh,2250.0
cbo_jan_2025,2031,tp_additional_deduction_single_hoh,2250.0
cbo_jan_2025,2032,tp_additional_deduction_single_hoh,2300.0
cbo_jan_2025,2033,tp_additional_deduction_single_hoh,2350.0
cbo_jan_2025,2034,tp_additional_deduction_single_hoh,2400.0
cbo_jan_2025,2035,tp_additional_deduction_single_hoh,2450.0
cbo_jan_2025,2022,tp_amt_bracket_2_hoh,206100.0
cbo_jan_2025,2023,tp_amt_bracket_2_hoh,220700.0
cbo_jan_2025,2024,tp_amt_bracket_2_hoh,232600.0
cbo_jan_2025,2025,tp_amt_bracket_2_hoh,239100.0
cbo_jan_2025,2026,tp_amt_bracket_2_hoh,244000.0
cbo_jan_2025,2027,tp_amt_bracket_2_hoh,249200.0
cbo_jan_2025,2028,tp_amt_bracket_2_hoh,254200.0
cbo_jan_2025,2029,tp_amt_bracket_2_hoh,259300.0
cbo_jan_2025,2030,tp_amt_bracket_2_hoh,264400.0
cbo_jan_2025,2031,tp_amt_bracket_2_hoh,269600.0
cbo_jan_2025,2032,tp_amt_bracket_2_hoh,274900.0
cbo_jan_2025,2033,tp_amt_bracket_2_hoh,280400.0
cbo_jan_2025,2034,tp_amt_bracket_2_hoh,286000.0
cbo_jan_2025,2035,tp_amt_bracket_2_hoh,291700.0
cbo_jan_2025,2022,tp_amt_bracket_2_mfj,206100.0
cbo_jan_2025,2023,tp_amt_bracket_2_mfj,220700.0
cbo_jan_2025,2024,tp_amt_bracket_2_mfj,232600.0
cbo_jan_2025,2025,tp_amt_bracket_2_mfj,239100.0
cbo_jan_2025,2026,tp_amt_bracket_2_mfj,244000.0
cbo_jan_2025,2027,tp_amt_bracket_2_mfj,249200.0
cbo_jan_2025,2028,tp_amt_bracket_2_mfj,254200.0
cbo_jan_2025,2029,tp_amt_bracket_2_mfj,259300.0
cbo_jan_2025,2030,tp_amt_bracket_2_mfj,264400.0
cbo_jan_2025,2031,tp_amt_bracket_2_mfj,269600.0
cbo_jan_2025,2032,tp_amt_bracket_2_mfj,274900.0
cbo_jan_2025,2033,tp_amt_bracket_2_mfj,280400.0
cbo_jan_2025,2034,tp_amt_bracket_2_mfj,286000.0
cbo_jan_2025,2035,tp_amt_bracket_2_mfj,291700.0
cbo_jan_2025,2022,tp_amt_bracket_2_mfs,103050.0
cbo_jan_2025,2023,tp_amt_bracket_2_mfs,110350.0
cbo_jan_2025,2024,tp_amt_bracket_2_mfs,116300.0
cbo_jan_2025,2025,tp_amt_bracket_2_mfs,119550.0
cbo_jan_2025,2026,tp_amt_bracket_2_mfs,122000.0
cbo_jan_2025,2027,tp_amt_bracket_2_mfs,124600.0
cbo_jan_2025,2028,tp_amt_bracket_2_mfs,127100.0
cbo_jan_2025,2029,tp_amt_bracket_2_mfs,129650.0
cbo_jan_2025,2030,tp_amt_bracket_2_mfs,132200.0
cbo_jan_2025,2031,tp_amt_bracket_2_mfs,134800.0
cbo_jan_2025,2032,tp_amt_bracket_2_mfs,137450.0
cbo_jan_2025,2033,tp_amt_bracket_2_mfs,140200.0
cbo_jan_2025,2034,tp_amt_bracket_2_mfs,143000.0
cbo_jan_2025,2035,tp_amt_bracket_2_mfs,145850.0
cbo_jan_2025,2022,tp_amt_bracket_2_single,206100.0
cbo_jan_2025,2023,tp_amt_bracket_2_single,220700.0
cbo_jan_2025,2024,tp_amt_bracket_2_single,232600.0
cbo_jan_2025,2025,tp_amt_bracket_2_single,239100.0
cbo_jan_2025,2026,tp_amt_bracket_2_single,244000.0
cbo_jan_2025,2027,tp_amt_bracket_2_single,249200.0
cbo_jan_2025,2028,tp_amt_bracket_2_single,254200.0
cbo_jan_2025,2029,tp_amt_bracket_2_single,259300.0
cbo_jan_2025,2030,tp_amt_bracket_2_single,264400.0
cbo_jan_2025,2031,tp_amt_bracket_2_single,269600.0
cbo_jan_2025,2032,tp_amt_bracket_2_single,274900.0
cbo_jan_2025,2033,tp_amt_bracket_2_single,280400.0
cbo_jan_2025,2034,tp_amt_bracket_2_single,286000.0
cbo_jan_2025,2035,tp_amt_bracket_2_single,291700.0
cbo_jan_2025,2022,tp_amt_exemption_hoh,75900.0
cbo_jan_2025,2023,tp_amt_exemption_hoh,81300.0
cbo_jan_2025,2024,tp_amt_exemption_hoh,85700.0
cbo_jan_2025,2025,tp_amt_exemption_hoh,88100.0
cbo_jan_2025,2026,tp_amt_exemption_hoh,70600.0
cbo_jan_2025,2027,tp_amt_exemption_hoh,72100.0
cbo_jan_2025,2028,tp_amt_exemption_hoh,73500.0
cbo_jan_2025,2029,tp_amt_exemption_hoh,75000.0
cbo_jan_2025,2030,tp_amt_exemption_hoh,76400.0
cbo_jan_2025,2031,tp_amt_exemption_hoh,78000.0
cbo_jan_2025,2032,tp_amt_exemption_hoh,79500.0
cbo_jan_2025,2033,tp_amt_exemption_hoh,81100.0
cbo_jan_2025,2034,tp_amt_exemption_hoh,82700.0
cbo_jan_2025,2035,tp_amt_exemption_hoh,84300.0
cbo_jan_2025,2022,tp_amt_exemption_mfj,118100.0
cbo_jan_2025,2023,tp_amt_exemption_mfj,126500.0
cbo_jan_2025,2024,tp_amt_exemption_mfj,133300.0
cbo_jan_2025,2025,tp_amt_exemption_mfj,137000.0
cbo_jan_2025,2026,tp_amt_exemption_mfj,109800.0
cbo_jan_2025,2027,tp_amt_exemption_mfj,112100.0
cbo_jan_2025,2028,tp_amt_exemption_mfj,114400.0
cbo_jan_2025,2029,tp_amt_exemption_mfj,116700.0
cbo_jan_2025,2030,tp_amt_exemption_mfj,119000.0
cbo_jan_2025,2031,tp_amt_exemption_mfj,121300.0
cbo_jan_2025,2032,tp_amt_exemption_mfj,123700.0
cbo_jan_2025,2033,tp_amt_exemption_mfj,126200.0
cbo_jan_2025,2034,tp_amt_exemption_mfj,128700.0
cbo_jan_2025,2035,tp_amt_exemption_mfj,131200.0
cbo_jan_2025,2022,tp_amt_exemption_mfs,59050.0
cbo_jan_2025,2023,tp_amt_exemption_mfs,63250.0
cbo_jan_2025,2024,tp_amt_exemption_mfs,66650.0
cbo_jan_2025,2025,tp_amt_exemption_mfs,68500.0
cbo_jan_2025,2026,tp_amt_exemption_mfs,54900.0
cbo_jan_2025,2027,tp_amt_exemption_mfs,56050.0
cbo_jan_2025,2028,tp_amt_exemption_mfs,57200.0
cbo_jan_2025,2029,tp_amt_exemption_mfs,58350.0
cbo_jan_2025,2030,tp_amt_exemption_mfs,59500.0
cbo_jan_2025,2031,tp_amt_exemption_mfs,60650.0
cbo_jan_2025,2032,tp_amt_exemption_mfs,61850.0
cbo_jan_2025,2033,tp_amt_exemption_mfs,63100.0
cbo_jan_2025,2034,tp_amt_exemption_mfs,64350.0
cbo_jan_2025,2035,tp_amt_exemption_mfs,65600.0
cbo_jan_2025,2022,tp_amt_exemption_single,75900.0
cbo_jan_2025,2023,tp_amt_exemption_single,81300.0
cbo_jan_2025,2024,tp_amt_exemption_single,85700.0
cbo_jan_2025,2025,tp_amt_exemption_single,88100.0
cbo_jan_2025,2026,tp_amt_exemption_single,70600.0
cbo_jan_2025,2027,tp_amt_exemption_single,72100.0
cbo_jan_2025,2028,tp_amt_exemption_single,73500.0
cbo_jan_2025,2029,tp_amt_exemption_single,75000.0
cbo_jan_2025,2030,tp_amt_exemption_single,76400.0
cbo_jan_2025,2031,tp_amt_exemption_single,78000.0
cbo_jan_2025,2032,tp_amt_exemption_single,79500.0
cbo_jan_2025,2033,tp_amt_exemption_single,81100.0
cbo_jan_2025,2034,tp_amt_exemption_single,82700.0
cbo_jan_2025,2035,tp_amt_exemption_single,84300.0
cbo_jan_2025,2022,tp_amt_phaseout_hoh,539900.0
cbo_jan_2025,2023,tp_amt_phaseout_hoh,578150.0
cbo_jan_2025,2024,tp_amt_phaseout_hoh,609350.0
cbo_jan_2025,2025,tp_amt_phaseout_hoh,626350.0
cbo_jan_2025,2026,tp_amt_phaseout_hoh,156900.0
cbo_jan_2025,2027,tp_amt_phaseout_hoh,160200.0
cbo_jan_2025,2028,tp_amt_phaseout_hoh,163400.0
cbo_jan_2025,2029,tp_amt_phaseout_hoh,166700.0
cbo_jan_2025,2030,tp_amt_phaseout_hoh,170000.0
cbo_jan_2025,2031,tp_amt_phaseout_hoh,173300.0
cbo_jan_2025,2032,tp_amt_phaseout_hoh,176800.0
cbo_jan_2025,2033,tp_amt_phaseout_hoh,180300.0
cbo_jan_2025,2034,tp_amt_phaseout_hoh,183800.0
cbo_jan_2025,2035,tp_amt_phaseout_hoh,187500.0
cbo_jan_2025,2022,tp_amt_phaseout_mfj,1079800.0
cbo_jan_2025,2023,tp_amt_phaseout_mfj,1156300.0
cbo_jan_2025,2024,tp_amt_phaseout_mfj,1218700.0
cbo_jan_2025,2025,tp_amt_phaseout_mfj,1252700.0
cbo_jan_2025,2026,tp_amt_phaseout_mfj,209200.0
cbo_jan_2025,2027,tp_amt_phaseout_mfj,213600.0
cbo_jan_2025,2028,tp_amt_phaseout_mfj,217900.0
cbo_jan_2025,2029,tp_amt_phaseout_mfj,222200.0
cbo_jan_2025,2030,tp_amt_phaseout_mfj,226600.0
cbo_jan_2025,2031,tp_amt_phaseout_mfj,231100.0
cbo_jan_2025,2032,tp_amt_phaseout_mfj,235700.0
cbo_jan_2025,2033,tp_amt_phaseout_mfj,240300.0
cbo_jan_2025,2034,tp_amt_phaseout_mfj,245100.0
cbo_jan_2025,2035,tp_amt_phaseout_mfj,250000.0
cbo_jan_2025,2022,tp_amt_phaseout_mfs,539900.0
cbo_jan_2025,2023,tp_amt_phaseout_mfs,578150.0
cbo_jan_2025,2024,tp_amt_phaseout_mfs,609350.0
cbo_jan_2025,2025,tp_amt_phaseout_mfs,626350.0
cbo_jan_2025,2026,tp_amt_phaseout_mfs,104600.0
cbo_jan_2025,2027,tp_amt_phaseout_mfs,106800.0
cbo_jan_2025,2028,tp_amt_phaseout_mfs,108950.0
cbo_jan_2025,2029,tp_amt_phaseout_mfs,111100.0
cbo_jan_2025,2030,tp_amt_phaseout_mfs,113300.0
cbo_jan_2025,2031,tp_amt_phaseout_mfs,115550.0
cbo_jan_2025,2032,tp_amt_phaseout_mfs,117850.0
cbo_jan_2025,2033,tp_amt_phaseout_mfs,120150.0
cbo_jan_2025,2034,tp_amt_phaseout_mfs,122550.0
cbo_jan_2025,2035,tp_amt_phaseout_mfs,125000.0
cbo_jan_2025,2022,tp_amt_phaseout_single,539900.0
cbo_jan_2025,2023,tp_amt_phaseout_single,578150.0
cbo_jan_2025,2024,tp_amt_phaseout_single,609350.0
cbo_jan_2025,2025,tp_amt_phaseout_single,626350.0
cbo_jan_2025,2026,tp_amt_phaseout_single,156900.0
cbo_jan_2025,2027,tp_amt_phaseout_single,160200.0
cbo_jan_2025,2028,tp_amt_phaseout_single,163400.0
cbo_jan_2025,2029,tp_amt_phaseout_single,166700.0
cbo_jan_2025,2030,tp_amt_phaseout_single,170000.0
cbo_jan_2025,2031,tp_amt_phaseout_single,173300.0
cbo_jan_2025,2032,tp_amt_phaseout_single,176800.0
cbo_jan_2025,2033,tp_amt_phaseout_single,180300.0
cbo_jan_2025,2034,tp_amt_phaseout_single,183800.0
cbo_jan_2025,2035,tp_amt_phaseout_single,187500.0
cbo_jan_2025,2022,tp_amt_rate_1,26.0
cbo_jan_2025,2023,tp_amt_rate_1,26.0
cbo_jan_2025,2024,tp_amt_rate_1,26.0
cbo_jan_2025,2025,tp_amt_rate_1,26.0
cbo_jan_2025,2026,tp_amt_rate_1,26.0
cbo_jan_2025,2027,tp_amt_rate_1,26.0
cbo_jan_2025,2028,tp_amt_rate_1,26.0
cbo_jan_2025,2029,tp_amt_rate_1,26.0
cbo_jan_2025,2030,tp_amt_rate_1,26.0
cbo_jan_2025,2031,tp_amt_rate_1,26.0
cbo_jan_2025,2032,tp_amt_rate_1,26.0
cbo_jan_2025,2033,tp_amt_rate_1,26.0
cbo_jan_2025,2034,tp_amt_rate_1,26.0
cbo_jan_2025,2035,tp_amt_rate_1,26.0
cbo_jan_2025,2022,tp_amt_rate_2,28.0
cbo_jan_2025,2023,tp_amt_rate_2,28.0
cbo_jan_2025,2024,tp_amt_rate_2,28.0
cbo_jan_2025,2025,tp_amt_rate_2,28.0
cbo_jan_2025,2026,tp_amt_rate_2,28.0
cbo_jan_2025,2027,tp_amt_rate_2,28.0
cbo_jan_2025,2028,tp_amt_rate_2,28.0
cbo_jan_2025,2029,tp_amt_rate_2,28.0
cbo_jan_2025,2030,tp_amt_rate_2,28.0
cbo_jan_2025,2031,tp_amt_rate_2,28.0
cbo_jan_2025,2032,tp_amt_rate_2,28.0
cbo_jan_2025,2033,tp_amt_rate_2,28.0
cbo_jan_2025,2034,tp_amt_rate_2,28.0
cbo_jan_2025,2035,tp_amt_rate_2,28.0
cbo_jan_2025,2022,tp_bracket_1_hoh,0.0
cbo_jan_2025,2023,tp_bracket_1_hoh,0.0
cbo_jan_2025,2024,tp_bracket_1_hoh,0.0
cbo_jan_2025,2025,tp_bracket_1_hoh,0.0
cbo_jan_2025,2026,tp_bracket_1_hoh,0.0
cbo_jan_2025,2027,tp_bracket_1_hoh,0.0
cbo_jan_2025,2028,tp_bracket_1_hoh,0.0
cbo_jan_2025,2029,tp_bracket_1_hoh,0.0
cbo_jan_2025,2030,tp_bracket_1_hoh,0.0
cbo_jan_2025,2031,tp_bracket_1_hoh,0.0
cbo_jan_2025,2032,tp_bracket_1_hoh,0.0
cbo_jan_2025,2033,tp_bracket_1_hoh,0.0
cbo_jan_2025,2034,tp_bracket_1_hoh,0.0
cbo_jan_2025,2035,tp_bracket_1_hoh,0.0
cbo_jan_2025,2022,tp_bracket_1_mfj,0.0
cbo_jan_2025,2023,tp_bracket_1_mfj,0.0
cbo_jan_2025,2024,tp_bracket_1_mfj,0.0
cbo_jan_2025,2025,tp_bracket_1_mfj,0.0
cbo_jan_2025,2026,tp_bracket_1_mfj,0.0
cbo_jan_2025,2027,tp_bracket_1_mfj,0.0
cbo_jan_2025,2028,tp_bracket_1_mfj,0.0
cbo_jan_2025,2029,tp_bracket_1_mfj,0.0
cbo_jan_2025,2030,tp_bracket_1_mfj,0.0
cbo_jan_2025,2031,tp_bracket_1_mfj,0.0
cbo_jan_2025,2032,tp_bracket_1_mfj,0.0
cbo_jan_2025,2033,tp_bracket_1_mfj,0.0
cbo_jan_2025,2034,tp_bracket_1_mfj,0.0
cbo_jan_2025,2035,tp_bracket_1_mfj,0.0
cbo_jan_2025,2022,tp_bracket_1_mfs,0.0
cbo_jan_2025,2023,tp_bracket_1_mfs,0.0
cbo_jan_2025,2024,tp_bracket_1_mfs,0.0
cbo_jan_2025,2025,tp_bracket_1_mfs,0.0
cbo_jan_2025,2026,tp_bracket_1_mfs,0.0
cbo_jan_2025,2027,tp_bracket_1_mfs,0.0
cbo_jan_2025,2028,tp_bracket_1_mfs,0.0
cbo_jan_2025,2029,tp_bracket_1_mfs,0.0
cbo_jan_2025,2030,tp_bracket_1_mfs,0.0
cbo_jan_2025,2031,tp_bracket_1_mfs,0.0
cbo_jan_2025,2032,tp_bracket_1_mfs,0.0
cbo_jan_2025,2033,tp_bracket_1_mfs,0.0
cbo_jan_2025,2034,tp_bracket_1_mfs,0.0
cbo_jan_2025,2035,tp_bracket_1_mfs,0.0
cbo_jan_2025,2022,tp_bracket_1_single,0.0
cbo_jan_2025,2023,tp_bracket_1_single,0.0
cbo_jan_2025,2024,tp_bracket_1_single,0.0
cbo_jan_2025,2025,tp_bracket_1_single,0.0
cbo_jan_2025,2026,tp_bracket_1_single,0.0
cbo_jan_2025,2027,tp_bracket_1_single,0.0
cbo_jan_2025,2028,tp_bracket_1_single,0.0
cbo_jan_2025,2029,tp_bracket_1_single,0.0
cbo_jan_2025,2030,tp_bracket_1_single,0.0
cbo_jan_2025,2031,tp_bracket_1_single,0.0
cbo_jan_2025,2032,tp_bracket_1_single,0.0
cbo_jan_2025,2033,tp_bracket_1_single,0.0
cbo_jan_2025,2034,tp_bracket_1_single,0.0
cbo_jan_2025,2035,tp_bracket_1_single,0.0
cbo_jan_2025,2022,tp_bracket_2_hoh,14650.0
cbo_jan_2025,2023,tp_bracket_2_hoh,15700.0
cbo_jan_2025,2024,tp_bracket_2_hoh,16550.0
cbo_jan_2025,2025,tp_bracket_2_hoh,17000.0
cbo_jan_2025,2026,tp_bracket_2_hoh,17350.0
cbo_jan_2025,2027,tp_bracket_2_hoh,17700.0
cbo_jan_2025,2028,tp_bracket_2_hoh,18050.0
cbo_jan_2025,2029,tp_bracket_2_hoh,18400.0
cbo_jan_2025,2030,tp_bracket_2_hoh,18800.0
cbo_jan_2025,2031,tp_bracket_2_hoh,19150.0
cbo_jan_2025,2032,tp_bracket_2_hoh,19550.0
cbo_jan_2025,2033,tp_bracket_2_hoh,19900.0
cbo_jan_2025,2034,tp_bracket_2_hoh,20300.0
cbo_jan_2025,2035,tp_bracket_2_hoh,20700.0
cbo_jan_2025,2022,tp_bracket_2_mfj,20550.0
cbo_jan_2025,2023,tp_bracket_2_mfj,22000.0
cbo_jan_2025,2024,tp_bracket_2_mfj,23200.0
cbo_jan_2025,2025,tp_bracket_2_mfj,23850.0
cbo_jan_2025,2026,tp_bracket_2_mfj,24300.0
cbo_jan_2025,2027,tp_bracket_2_mfj,24800.0
cbo_jan_2025,2028,tp_bracket_2_mfj,25300.0
cbo_jan_2025,2029,tp_bracket_2_mfj,25800.0
cbo_jan_2025,2030,tp_bracket_2_mfj,26300.0
cbo_jan_2025,2031,tp_bracket_2_mfj,26850.0
cbo_jan_2025,2032,tp_bracket_2_mfj,27350.0
cbo_jan_2025,2033,tp_bracket_2_mfj,27900.0
cbo_jan_2025,2034,tp_bracket_2_mfj,28450.0
cbo_jan_2025,2035,tp_bracket_2_mfj,29000.0
cbo_jan_2025,2022,tp_bracket_2_mfs,10275.0
cbo_jan_2025,2023,tp_bracket_2_mfs,11000.0
cbo_jan_2025,2024,tp_bracket_2_mfs,11600.0
cbo_jan_2025,2025,tp_bracket_2_mfs,11925.0
cbo_jan_2025,2026,tp_bracket_2_mfs,12150.0
cbo_jan_2025,2027,tp_bracket_2_mfs,12400.0
cbo_jan_2025,2028,tp_bracket_2_mfs,12650.0
cbo_jan_2025,2029,tp_bracket_2_mfs,12900.0
cbo_jan_2025,2030,tp_bracket_2_mfs,13150.0
cbo_jan_2025,2031,tp_bracket_2_mfs,13425.0
cbo_jan_2025,2032,tp_bracket_2_mfs,13675.0
cbo_jan_2025,2033,tp_bracket_2_mfs,13950.0
cbo_jan_2025,2034,tp_bracket_2_mfs,14225.0
cbo_jan_2025,2035,tp_bracket_2_mfs,14500.0
cbo_jan_2025,2022,tp_bracket_2_single,10275.0
cbo_jan_2025,2023,tp_bracket_2_single,11000.0
cbo_jan_2025,2024,tp_bracket_2_single,11600.0
cbo_jan_2025,2025,tp_bracket_2_single,11925.0
cbo_jan_2025,2026,tp_bracket_2_single,12150.0
cbo_jan_2025,2027,tp_bracket_2_single,12400.0
cbo_jan_2025,2028,tp_bracket_2_single,12650.0
cbo_jan_2025,2029,tp_bracket_2_single,12900.0
cbo_jan_2025,2030,tp_bracket_2_single,13150.0
cbo_jan_2025,2031,tp_bracket_2_single,13425.0
cbo_jan_2025,2032,tp_bracket_2_single,13675.0
cbo_jan_2025,2033,tp_bracket_2_single,13950.0
cbo_jan_2025,2034,tp_bracket_2_single,14225.0
cbo_jan_2025,2035,tp_bracket_2_single,14500.0
cbo_jan_2025,2022,tp_bracket_3_hoh,55900.0
cbo_jan_2025,2023,tp_bracket_3_hoh,59850.0
cbo_jan_2025,2024,tp_bracket_3_hoh,63100.0
cbo_jan_2025,2025,tp_bracket_3_hoh,64850.0
cbo_jan_2025,2026,tp_bracket_3_hoh,66050.0
cbo_jan_2025,2027,tp_bracket_3_hoh,67450.0
cbo_jan_2025,2028,tp_bracket_3_hoh,68850.0
cbo_jan_2025,2029,tp_bracket_3_hoh,70200.0
cbo_jan_2025,2030,tp_bracket_3_hoh,71550.0
cbo_jan_2025,2031,tp_bracket_3_hoh,73000.0
cbo_jan_2025,2032,tp_bracket_3_hoh,74450.0
cbo_jan_2025,2033,tp_bracket_3_hoh,75900.0
cbo_jan_2025,2034,tp_bracket_3_hoh,77400.0
cbo_jan_2025,2035,tp_bracket_3_hoh,78950.0
cbo_jan_2025,2022,tp_bracket_3_mfj,83550.0
cbo_jan_2025,2023,tp_bracket_3_mfj,89450.0
cbo_jan_2025,2024,tp_bracket_3_mfj,94300.0
cbo_jan_2025,2025,tp_bracket_3_mfj,96950.0
cbo_jan_2025,2026,tp_bracket_3_mfj,98600.0
cbo_jan_2025,2027,tp_bracket_3_mfj,100700.0
cbo_jan_2025,2028,tp_bracket_3_mfj,102800.0
cbo_jan_2025,2029,tp_bracket_3_mfj,104800.0
cbo_jan_2025,2030,tp_bracket_3_mfj,106900.0
cbo_jan_2025,2031,tp_bracket_3_mfj,109000.0
cbo_jan_2025,2032,tp_bracket_3_mfj,111100.0
cbo_jan_2025,2033,tp_bracket_3_mfj,113300.0
cbo_jan_2025,2034,tp_bracket_3_mfj,115600.0
cbo_jan_2025,2035,tp_bracket_3_mfj,117900.0
cbo_jan_2025,2022,tp_bracket_3_mfs,41775.0
cbo_jan_2025,2023,tp_bracket_3_mfs,44725.0
cbo_jan_2025,2024,tp_bracket_3_mfs,47150.0
cbo_jan_2025,2025,tp_bracket_3_mfs,48475.0
cbo_jan_2025,2026,tp_bracket_3_mfs,49300.0
cbo_jan_2025,2027,tp_bracket_3_mfs,50350.0
cbo_jan_2025,2028,tp_bracket_3_mfs,51400.0
cbo_jan_2025,2029,tp_bracket_3_mfs,52400.0
cbo_jan_2025,2030,tp_bracket_3_mfs,53450.0
cbo_jan_2025,2031,tp_bracket_3_mfs,54500.0
cbo_jan_2025,2032,tp_bracket_3_mfs,55550.0
cbo_jan_2025,2033,tp_bracket_3_mfs,56650.0
cbo_jan_2025,2034,tp_bracket_3_mfs,57800.0
cbo_jan_2025,2035,tp_bracket_3_mfs,58950.0
cbo_jan_2025,2022,tp_bracket_3_single,41775.0
cbo_jan_2025,2023,tp_bracket_3_single,44725.0
cbo_jan_2025,2024,tp_bracket_3_single,47150.0
cbo_jan_2025,2025,tp_bracket_3_single,48475.0
cbo_jan_2025,2026,tp_bracket_3_single,49300.0
cbo_jan_2025,2027,tp_bracket_3_single,50350.0
cbo_jan_2025,2028,tp_bracket_3_single,51400.0
cbo_jan_2025,2029,tp_bracket_3_single,52400.0
cbo_jan_2025,2030,tp_bracket_3_single,53450.0
cbo_jan_2025,2031,tp_bracket_3_single,54500.0
cbo_jan_2025,2032,tp_bracket_3_single,55550.0
cbo_jan_2025,2033,tp_bracket_3_single,56650.0
cbo_jan_2025,2034,tp_bracket_3_single,57800.0
cbo_jan_2025,2035,tp_bracket_3_single,58950.0
cbo_jan_2025,2022,tp_bracket_4_hoh,89050.0
cbo_jan_2025,2023,tp_bracket_4_hoh,95350.0
cbo_jan_2025,2024,tp_bracket_4_hoh,100500.0
cbo_jan_2025,2025,tp_bracket_4_hoh,103350.0
cbo_jan_2025,2026,tp_bracket_4_hoh,170550.0
cbo_jan_2025,2027,tp_bracket_4_hoh,174150.0
cbo_jan_2025,2028,tp_bracket_4_hoh,177700.0
cbo_jan_2025,2029,tp_bracket_4_hoh,181200.0
cbo_jan_2025,2030,tp_bracket_4_hoh,184800.0
cbo_jan_2025,2031,tp_bracket_4_hoh,188450.0
cbo_jan_2025,2032,tp_bracket_4_hoh,192150.0
cbo_jan_2025,2033,tp_bracket_4_hoh,195950.0
cbo_jan_2025,2034,tp_bracket_4_hoh,199850.0
cbo_jan_2025,2035,tp_bracket_4_hoh,203850.0
cbo_jan_2025,2022,tp_bracket_4_mfj,178150.0
cbo_jan_2025,2023,tp_bracket_4_mfj,190750.0
cbo_jan_2025,2024,tp_bracket_4_mfj,201050.0
cbo_jan_2025,2025,tp_bracket_4_mfj,206700.0
cbo_jan_2025,2026,tp_bracket_4_mfj,199000.0
cbo_jan_2025,2027,tp_bracket_4_mfj,203250.0
cbo_jan_2025,2028,tp_bracket_4_mfj,207350.0
cbo_jan_2025,2029,tp_bracket_4_mfj,211450.0
cbo_jan_2025,2030,tp_bracket_4_mfj,215600.0
cbo_jan_2025,2031,tp_bracket_4_mfj,219900.0
cbo_jan_2025,2032,tp_bracket_4_mfj,224250.0
cbo_jan_2025,2033,tp_bracket_4_mfj,228700.0
cbo_jan_2025,2034,tp_bracket_4_mfj,233200.0
cbo_jan_2025,2035,tp_bracket_4_mfj,237850.0
cbo_jan_2025,2022,tp_bracket_4_mfs,89075.0
cbo_jan_2025,2023,tp_bracket_4_mfs,95375.0
cbo_jan_2025,2024,tp_bracket_4_mfs,100525.0
cbo_jan_2025,2025,tp_bracket_4_mfs,103350.0
cbo_jan_2025,2026,tp_bracket_4_mfs,99500.0
cbo_jan_2025,2027,tp_bracket_4_mfs,101625.0
cbo_jan_2025,2028,tp_bracket_4_mfs,103675.0
cbo_jan_2025,2029,tp_bracket_4_mfs,105725.0
cbo_jan_2025,2030,tp_bracket_4_mfs,107800.0
cbo_jan_2025,2031,tp_bracket_4_mfs,109950.0
cbo_jan_2025,2032,tp_bracket_4_mfs,112125.0
cbo_jan_2025,2033,tp_bracket_4_mfs,114350.0
cbo_jan_2025,2034,tp_bracket_4_mfs,116600.0
cbo_jan_2025,2035,tp_bracket_4_mfs,118925.0
cbo_jan_2025,2022,tp_bracket_4_single,89075.0
cbo_jan_2025,2023,tp_bracket_4_single,95375.0
cbo_jan_2025,2024,tp_bracket_4_single,100525.0
cbo_jan_2025,2025,tp_bracket_4_single,103350.0
cbo_jan_2025,2026,tp_bracket_4_single,119400.0
cbo_jan_2025,2027,tp_bracket_4_single,121950.0
cbo_jan_2025,2028,tp_bracket_4_single,124400.0
cbo_jan_2025,2029,tp_bracket_4_single,126900.0
cbo_jan_2025,2030,tp_bracket_4_single,129400.0
cbo_jan_2025,2031,tp_bracket_4_single,131950.0
cbo_jan_2025,2032,tp_bracket_4_single,134550.0
cbo_jan_2025,2033,tp_bracket_4_single,137200.0
cbo_jan_2025,2034,tp_bracket_4_single,139950.0
cbo_jan_2025,2035,tp_bracket_4_single,142750.0
cbo_jan_2025,2022,tp_bracket_5_hoh,170050.0
cbo_jan_2025,2023,tp_bracket_5_hoh,182100.0
cbo_jan_2025,2024,tp_bracket_5_hoh,191950.0
cbo_jan_2025,2025,tp_bracket_5_hoh,197300.0
cbo_jan_2025,2026,tp_bracket_5_hoh,276200.0
cbo_jan_2025,2027,tp_bracket_5_hoh,282050.0
cbo_jan_2025,2028,tp_bracket_5_hoh,287750.0
cbo_jan_2025,2029,tp_bracket_5_hoh,293450.0
cbo_jan_2025,2030,tp_bracket_5_hoh,299250.0
cbo_jan_2025,2031,tp_bracket_5_hoh,305150.0
cbo_jan_2025,2032,tp_bracket_5_hoh,311200.0
cbo_jan_2025,2033,tp_bracket_5_hoh,317350.0
cbo_jan_2025,2034,tp_bracket_5_hoh,323650.0
cbo_jan_2025,2035,tp_bracket_5_hoh,330100.0
cbo_jan_2025,2022,tp_bracket_5_mfj,340100.0
cbo_jan_2025,2023,tp_bracket_5_mfj,364200.0
cbo_jan_2025,2024,tp_bracket_5_mfj,383900.0
cbo_jan_2025,2025,tp_bracket_5_mfj,394600.0
cbo_jan_2025,2026,tp_bracket_5_mfj,303250.0
cbo_jan_2025,2027,tp_bracket_5_mfj,309700.0
cbo_jan_2025,2028,tp_bracket_5_mfj,315950.0
cbo_jan_2025,2029,tp_bracket_5_mfj,322200.0
cbo_jan_2025,2030,tp_bracket_5_mfj,328550.0
cbo_jan_2025,2031,tp_bracket_5_mfj,335050.0
cbo_jan_2025,2032,tp_bracket_5_mfj,341700.0
cbo_jan_2025,2033,tp_bracket_5_mfj,348450.0
cbo_jan_2025,2034,tp_bracket_5_mfj,355400.0
cbo_jan_2025,2035,tp_bracket_5_mfj,362450.0
cbo_jan_2025,2022,tp_bracket_5_mfs,170050.0
cbo_jan_2025,2023,tp_bracket_5_mfs,182100.0
cbo_jan_2025,2024,tp_bracket_5_mfs,191950.0
cbo_jan_2025,2025,tp_bracket_5_mfs,197300.0
cbo_jan_2025,2026,tp_bracket_5_mfs,151625.0
cbo_jan_2025,2027,tp_bracket_5_mfs,154850.0
cbo_jan_2025,2028,tp_bracket_5_mfs,157975.0
cbo_jan_2025,2029,tp_bracket_5_mfs,161100.0
cbo_jan_2025,2030,tp_bracket_5_mfs,164275.0
cbo_jan_2025,2031,tp_bracket_5_mfs,167525.0
cbo_jan_2025,2032,tp_bracket_5_mfs,170850.0
cbo_jan_2025,2033,tp_bracket_5_mfs,174225.0
cbo_jan_2025,2034,tp_bracket_5_mfs,177700.0
cbo_jan_2025,2035,tp_bracket_5_mfs,181225.0
cbo_jan_2025,2022,tp_bracket_5_single,170050.0
cbo_jan_2025,2023,tp_bracket_5_single,182100.0
cbo_jan_2025,2024,tp_bracket_5_single,191950.0
cbo_jan_2025,2025,tp_bracket_5_single,197300.0
cbo_jan_2025,2026,tp_bracket_5_single,249100.0
cbo_jan_2025,2027,tp_bracket_5_single,254400.0
cbo_jan_2025,2028,tp_bracket_5_single,259550.0
cbo_jan_2025,2029,tp_bracket_5_single,264650.0
cbo_jan_2025,2030,tp_bracket_5_single,269900.0
cbo_jan_2025,2031,tp_bracket_5_single,275250.0
cbo_jan_2025,2032,tp_bracket_5_single,280700.0
cbo_jan_2025,2033,tp_bracket_5_single,286250.0
cbo_jan_2025,2034,tp_bracket_5_single,291900.0
cbo_jan_2025,2035,tp_bracket_5_single,297750.0
cbo_jan_2025,2022,tp_bracket_6_hoh,215950.0
cbo_jan_2025,2023,tp_bracket_6_hoh,231250.0
cbo_jan_2025,2024,tp_bracket_6_hoh,243700.0
cbo_jan_2025,2025,tp_bracket_6_hoh,250500.0
cbo_jan_2025,2026,tp_bracket_6_hoh,541550.0
cbo_jan_2025,2027,tp_bracket_6_hoh,553050.0
cbo_jan_2025,2028,tp_bracket_6_hoh,564200.0
cbo_jan_2025,2029,tp_bracket_6_hoh,575400.0
cbo_jan_2025,2030,tp_bracket_6_hoh,586750.0
cbo_jan_2025,2031,tp_bracket_6_hoh,598350.0
cbo_jan_2025,2032,tp_bracket_6_hoh,610200.0
cbo_jan_2025,2033,tp_bracket_6_hoh,622300.0
cbo_jan_2025,2034,tp_bracket_6_hoh,634650.0
cbo_jan_2025,2035,tp_bracket_6_hoh,647250.0
cbo_jan_2025,2022,tp_bracket_6_mfj,431900.0
cbo_jan_2025,2023,tp_bracket_6_mfj,462500.0
cbo_jan_2025,2024,tp_bracket_6_mfj,487450.0
cbo_jan_2025,2025,tp_bracket_6_mfj,501050.0
cbo_jan_2025,2026,tp_bracket_6_mfj,541550.0
cbo_jan_2025,2027,tp_bracket_6_mfj,553050.0
cbo_jan_2025,2028,tp_bracket_6_mfj,564200.0
cbo_jan_2025,2029,tp_bracket_6_mfj,575400.0
cbo_jan_2025,2030,tp_bracket_6_mfj,586750.0
cbo_jan_2025,2031,tp_bracket_6_mfj,598350.0
cbo_jan_2025,2032,tp_bracket_6_mfj,610200.0
cbo_jan_2025,2033,tp_bracket_6_mfj,622300.0
cbo_jan_2025,2034,tp_bracket_6_mfj,634650.0
cbo_jan_2025,2035,tp_bracket_6_mfj,647250.0
cbo_jan_2025,2022,tp_bracket_6_mfs,215950.0
cbo_jan_2025,2023,tp_bracket_6_mfs,231250.0
cbo_jan_2025,2024,tp_bracket_6_mfs,243725.0
cbo_jan_2025,2025,tp_bracket_6_mfs,250525.0
cbo_jan_2025,2026,tp_bracket_6_mfs,270775.0
cbo_jan_2025,2027,tp_bracket_6_mfs,276525.0
cbo_jan_2025,2028,tp_bracket_6_mfs,282100.0
cbo_jan_2025,2029,tp_bracket_6_mfs,287700.0
cbo_jan_2025,2030,tp_bracket_6_mfs,293375.0
cbo_jan_2025,2031,tp_bracket_6_mfs,299175.0
cbo_jan_2025,2032,tp_bracket_6_mfs,305100.0
cbo_jan_2025,2033,tp_bracket_6_mfs,311150.0
cbo_jan_2025,2034,tp_bracket_6_mfs,317325.0
cbo_jan_2025,2035,tp_bracket_6_mfs,323625.0
cbo_jan_2025,2022,tp_bracket_6_single,215950.0
cbo_jan_2025,2023,tp_bracket_6_single,231250.0
cbo_jan_2025,2024,tp_bracket_6_single,243725.0
cbo_jan_2025,2025,tp_bracket_6_single,250525.0
cbo_jan_2025,2026,tp_bracket_6_single,541550.0
cbo_jan_2025,2027,tp_bracket_6_single,553050.0
cbo_jan_2025,2028,tp_bracket_6_single,564200.0
cbo_jan_2025,2029,tp_bracket_6_single,575400.0
cbo_jan_2025,2030,tp_bracket_6_single,586750.0
cbo_jan_2025,2031,tp_bracket_6_single,598350.0
cbo_jan_2025,2032,tp_bracket_6_single,610200.0
cbo_jan_2025,2033,tp_bracket_6_single,622300.0
cbo_jan_2025,2034,tp_bracket_6_single,634650.0
cbo_jan_2025,2035,tp_bracket_6_single,647250.0
cbo_jan_2025,2022,tp_bracket_7_hoh,539900.0
cbo_jan_2025,2023,tp_bracket_7_hoh,578100.0
cbo_jan_2025,2024,tp_bracket_7_hoh,609350.0
cbo_jan_2025,2025,tp_bracket_7_hoh,626350.0
cbo_jan_2025,2026,tp_bracket_7_hoh,577750.0
cbo_jan_2025,2027,tp_bracket_7_hoh,590000.0
cbo_jan_2025,2028,tp_bracket_7_hoh,601950.0
cbo_jan_2025,2029,tp_bracket_7_hoh,613850.0
cbo_jan_2025,2030,tp_bracket_7_hoh,625950.0
cbo_jan_2025,2031,tp_bracket_7_hoh,638350.0
cbo_jan_2025,2032,tp_bracket_7_hoh,651000.0
cbo_jan_2025,2033,tp_bracket_7_hoh,663900.0
cbo_jan_2025,2034,tp_bracket_7_hoh,677050.0
cbo_jan_2025,2035,tp_bracket_7_hoh,690500.0
cbo_jan_2025,2022,tp_bracket_7_mfj,647850.0
cbo_jan_2025,2023,tp_bracket_7_mfj,693750.0
cbo_jan_2025,2024,tp_bracket_7_mfj,731200.0
cbo_jan_2025,2025,tp_bracket_7_mfj,751600.0
cbo_jan_2025,2026,tp_bracket_7_mfj,611750.0
cbo_jan_2025,2027,tp_bracket_7_mfj,624700.0
cbo_jan_2025,2028,tp_bracket_7_mfj,637350.0
cbo_jan_2025,2029,tp_bracket_7_mfj,649950.0
cbo_jan_2025,2030,tp_bracket_7_mfj,662800.0
cbo_jan_2025,2031,tp_bracket_7_mfj,675900.0
cbo_jan_2025,2032,tp_bracket_7_mfj,689250.0
cbo_jan_2025,2033,tp_bracket_7_mfj,702950.0
cbo_jan_2025,2034,tp_bracket_7_mfj,716900.0
cbo_jan_2025,2035,tp_bracket_7_mfj,731150.0
cbo_jan_2025,2022,tp_bracket_7_mfs,323925.0
cbo_jan_2025,2023,tp_bracket_7_mfs,346875.0
cbo_jan_2025,2024,tp_bracket_7_mfs,365600.0
cbo_jan_2025,2025,tp_bracket_7_mfs,375800.0
cbo_jan_2025,2026,tp_bracket_7_mfs,305875.0
cbo_jan_2025,2027,tp_bracket_7_mfs,312350.0
cbo_jan_2025,2028,tp_bracket_7_mfs,318675.0
cbo_jan_2025,2029,tp_bracket_7_mfs,324975.0
cbo_jan_2025,2030,tp_bracket_7_mfs,331400.0
cbo_jan_2025,2031,tp_bracket_7_mfs,337950.0
cbo_jan_2025,2032,tp_bracket_7_mfs,344625.0
cbo_jan_2025,2033,tp_bracket_7_mfs,351475.0
cbo_jan_2025,2034,tp_bracket_7_mfs,358450.0
cbo_jan_2025,2035,tp_bracket_7_mfs,365575.0
cbo_jan_2025,2022,tp_bracket_7_single,539900.0
cbo_jan_2025,2023,tp_bracket_7_single,578125.0
cbo_jan_2025,2024,tp_bracket_7_single,609350.0
cbo_jan_2025,2025,tp_bracket_7_single,626350.0
cbo_jan_2025,2026,tp_bracket_7_single,543800.0
cbo_jan_2025,2027,tp_bracket_7_single,555300.0
cbo_jan_2025,2028,tp_bracket_7_single,566500.0
cbo_jan_2025,2029,tp_bracket_7_single,577700.0
cbo_jan_2025,2030,tp_bracket_7_single,589150.0
cbo_jan_2025,2031,tp_bracket_7_single,600800.0
cbo_jan_2025,2032,tp_bracket_7_single,612700.0
cbo_jan_2025,2033,tp_bracket_7_single,624850.0
cbo_jan_2025,2034,tp_bracket_7_single,637250.0
cbo_jan_2025,2035,tp_bracket_7_single,649900.0
cbo_jan_2025,2022,tp_c_cpi_u,149.064
cbo_jan_2025,2023,tp_c_cpi_u,159.879
cbo_jan_2025,2024,tp_c_cpi_u,168.317
cbo_jan_2025,2025,tp_c_cpi_u,173.174
cbo_jan_2025,2026,tp_c_cpi_u,176.749
cbo_jan_2025,2027,tp_c_cpi_u,180.491
cbo_jan_2025,2028,tp_c_cpi_u,184.142
cbo_jan_2025,2029,tp_c_cpi_u,187.783
cbo_jan_2025,2030,tp_c_cpi_u,191.493
cbo_jan_2025,2031,tp_c_cpi_u,195.279
cbo_jan_2025,2032,tp_c_cpi_u,199.145
cbo_jan_2025,2033,tp_c_cpi_u,203.093
cbo_jan_2025,2034,tp_c_cpi_u,207.125
cbo_jan_2025,2035,tp_c_cpi_u,211.243
cbo_jan_2025,2022,tp_cpi_u,265.447
cbo_jan_2025,2023,tp_cpi_u,285.848
cbo_jan_2025,2024,tp_cpi_u,301.374
cbo_jan_2025,2025,tp_cpi_u,310.955
cbo_jan_2025,2026,tp_cpi_u,318.155
cbo_jan_2025,2027,tp_cpi_u,325.867
cbo_jan_2025,2028,tp_cpi_u,333.499
cbo_jan_2025,2029,tp_cpi_u,341.057
cbo_jan_2025,2030,tp_cpi_u,348.716
cbo_jan_2025,2031,tp_cpi_u,356.52
cbo_jan_2025,2032,tp_cpi_u,364.494
cbo_jan_2025,2033,tp_cpi_u,372.654
cbo_jan_2025,2034,tp_cpi_u,381.009
cbo_jan_2025,2035,tp_cpi_u,389.565
cbo_jan_2025,2022,tp_ctc_max_refundable,1500.0
cbo_jan_2025,2023,tp_ctc_max_refundable,1600.0
cbo_jan_2025,2024,tp_ctc_max_refundable,1700.0
cbo_jan_2025,2025,tp_ctc_max_refundable,1700.0
cbo_jan_2025,2026,tp_ctc_max_refundable,0.0
cbo_jan_2025,2027,tp_ctc_max_refundable,0.0
cbo_jan_2025,2028,tp_ctc_max_refundable,0.0
cbo_jan_2025,2029,tp_ctc_max_refundable,0.0
cbo_jan_2025,2030,tp_ctc_max_refundable,0.0
cbo_jan_2025,2031,tp_ctc_max_refundable,0.0
cbo_jan_2025,2032,tp_ctc_max_refundable,0.0
cbo_jan_2025,2033,tp_ctc_max_refundable,0.0
cbo_jan_2025,2034,tp_ctc_max_refundable,0.0
cbo_jan_2025,2035,tp_ctc_max_refundable,0.0
cbo_jan_2025,2022,tp_ctc_per_child,2000.0
cbo_jan_2025,2023,tp_ctc_per_child,2000.0
cbo_jan_2025,2024,tp_ctc_per_child,2000.0
cbo_jan_2025,2025,tp_ctc_per_child,2000.0
cbo_jan_2025,2026,tp_ctc_per_child,1000.0
cbo_jan_2025,2027,tp_ctc_per_child,1000.0
cbo_jan_2025,2028,tp_ctc_per_child,1000.0
cbo_jan_2025,2029,tp_ctc_per_child,1000.0
cbo_jan_2025,2030,tp_ctc_per_child,1000.0
cbo_jan_2025,2031,tp_ctc_per_child,1000.0
cbo_jan_2025,2032,tp_ctc_per_child,1000.0
cbo_jan_2025,2033,tp_ctc_per_child,1000.0
cbo_jan_2025,2034,tp_ctc_per_child,1000.0
cbo_jan_2025,2035,tp_ctc_per_child,1000.0
cbo_jan_2025,2022,tp_ctc_per_other_dependent,500.0
cbo_jan_2025,2023,tp_ctc_per_other_dependent,500.0
cbo_jan_2025,2024,tp_ctc_per_other_dependent,500.0
cbo_jan_2025,2025,tp_ctc_per_other_dependent,500.0
cbo_jan_2025,2026,tp_ctc_per_other_dependent,0.0
cbo_jan_2025,2027,tp_ctc_per_other_dependent,0.0
cbo_jan_2025,2028,tp_ctc_per_other_dependent,0.0
cbo_jan_2025,2029,tp_ctc_per_other_dependent,0.0
cbo_jan_2025,2030,tp_ctc_per_other_dependent,0.0
cbo_jan_2025,2031,tp_ctc_per_other_dependent,0.0
cbo_jan_2025,2032,tp_ctc_per_other_dependent,0.0
cbo_jan_2025,2033,tp_ctc_per_other_dependent,0.0
cbo_jan_2025,2034,tp_ctc_per_other_dependent,0.0
cbo_jan_2025,2035,tp_ctc_per_other_dependent,0.0
cbo_jan_2025,2022,tp_ctc_refund_rate,15.0
cbo_jan_2025,2023,tp_ctc_refund_rate,15.0
cbo_jan_2025,2024,tp_ctc_refund_rate,15.0
cbo_jan_2025,2025,tp_ctc_refund_rate,15.0
cbo_jan_2025,2026,tp_ctc_refund_rate,15.0
cbo_jan_2025,2027,tp_ctc_refund_rate,15.0
cbo_jan_2025,2028,tp_ctc_refund_rate,15.0
cbo_jan_2025,2029,tp_ctc_refund_rate,15.0
cbo_jan_2025,2030,tp_ctc_refund_rate,15.0
cbo_jan_2025,2031,tp_ctc_refund_rate,15.0
cbo_jan_2025,2032,tp_ctc_refund_rate,15.0
cbo_jan_2025,2033,tp_ctc_refund_rate,15.0
cbo_jan_2025,2034,tp_ctc_refund_rate,15.0
cbo_jan_2025,2035,tp_ctc_refund_rate,15.0
cbo_jan_2025,2022,tp_ctc_refund_threshold,2500.0
cbo_jan_2025,2023,tp_ctc_refund_threshold,2500.0
cbo_jan_2025,2024,tp_ctc_refund_threshold,2500.0
cbo_jan_2025,2025,tp_ctc_refund_threshold,2500.0
cbo_jan_2025,2026,tp_ctc_refund_threshold,3000.0
cbo_jan_2025,2027,tp_ctc_refund_threshold,3000.0
cbo_jan_2025,2028,tp_ctc_refund_threshold,3000.0
cbo_jan_2025,2029,tp_ctc_refund_threshold,3000.0
cbo_jan_2025,2030,tp_ctc_refund_threshold,3000.0
cbo_jan_2025,2031,tp_ctc_refund_threshold,3000.0
cbo_jan_2025,2032,tp_ctc_refund_threshold,3000.0
cbo_jan_2025,2033,tp_ctc_refund_threshold,3000.0
cbo_jan_2025,2034,tp_ctc_refund_threshold,3000.0
cbo_jan_2025,2035,tp_ctc_refund_threshold,3000.0
cbo_jan_2025,2022,tp_eitc_earned_income_0,7320.0
cbo_jan_2025,2023,tp_eitc_earned_income_0,7840.0
cbo_jan_2025,2024,tp_eitc_earned_income_0,8260.0
cbo_jan_2025,2025,tp_eitc_earned_income_0,8490.0
cbo_jan_2025,2026,tp_eitc_earned_income_0,8660.0
cbo_jan_2025,2027,tp_eitc_earned_income_0,8850.0
cbo_jan_2025,2028,tp_eitc_earned_income_0,9030.0
cbo_jan_2025,2029,tp_eitc_earned_income_0,9200.0
cbo_jan_2025,2030,tp_eitc_earned_income_0,9390.0
cbo_jan_2025,2031,tp_eitc_earned_income_0,9570.0
cbo_jan_2025,2032,tp_eitc_earned_income_0,9760.0
cbo_jan_2025,2033,tp_eitc_earned_income_0,9960.0
cbo_jan_2025,2034,tp_eitc_earned_income_0,10150.0
cbo_jan_2025,2035,tp_eitc_earned_income_0,10350.0
cbo_jan_2025,2022,tp_eitc_earned_income_1,10980.0
cbo_jan_2025,2023,tp_eitc_earned_income_1,11750.0
cbo_jan_2025,2024,tp_eitc_earned_income_1,12390.0
cbo_jan_2025,2025,tp_eitc_earned_income_1,12730.0
cbo_jan_2025,2026,tp_eitc_earned_income_1,13000.0
cbo_jan_2025,2027,tp_eitc_earned_income_1,13270.0
cbo_jan_2025,2028,tp_eitc_earned_income_1,13540.0
cbo_jan_2025,2029,tp_eitc_earned_income_1,13810.0
cbo_jan_2025,2030,tp_eitc_earned_income_1,14080.0
cbo_jan_2025,2031,tp_eitc_earned_income_1,14360.0
cbo_jan_2025,2032,tp_eitc_earned_income_1,14640.0
cbo_jan_2025,2033,tp_eitc_earned_income_1,14930.0
cbo_jan_2025,2034,tp_eitc_earned_income_1,15230.0
cbo_jan_2025,2035,tp_eitc_earned_income_1,15530.0
cbo_jan_2025,2022,tp_eitc_earned_income_2,15410.0
cbo_jan_2025,2023,tp_eitc_earned_income_2,16510.0
cbo_jan_2025,2024,tp_eitc_earned_income_2,17400.0
cbo_jan_2025,2025,tp_eitc_earned_income_2,17880.0
cbo_jan_2025,2026,tp_eitc_earned_income_2,18250.0
cbo_jan_2025,2027,tp_eitc_earned_income_2,18640.0
cbo_jan_2025,2028,tp_eitc_earned_income_2,19020.0
cbo_jan_2025,2029,tp_eitc_earned_income_2,19390.0
cbo_jan_2025,2030,tp_eitc_earned_income_2,19770.0
cbo_jan_2025,2031,tp_eitc_earned_income_2,20170.0
cbo_jan_2025,2032,tp_eitc_earned_income_2,20560.0
cbo_jan_2025,2033,tp_eitc_earned_income_2,20970.0
cbo_jan_2025,2034,tp_eitc_earned_income_2,21390.0
cbo_jan_2025,2035,tp_eitc_earned_income_2,21810.0
cbo_jan_2025,2022,tp_eitc_earned_income_3plus,15410.0
cbo_jan_2025,2023,tp_eitc_earned_income_3plus,16510.0
cbo_jan_2025,2024,tp_eitc_earned_income_3plus,17400.0
cbo_jan_2025,2025,tp_eitc_earned_income_3plus,17880.0
cbo_jan_2025,2026,tp_eitc_earned_income_3plus,18250.0
cbo_jan_2025,2027,tp_eitc_earned_income_3plus,18640.0
cbo_jan_2025,2028,tp_eitc_earned_income_3plus,19020.0
cbo_jan_2025,2029,tp_eitc_earned_income_3plus,19390.0
cbo_jan_2025,2030,tp_eitc_earned_income_3plus,19770.0
cbo_jan_2025,2031,tp_eitc_earned_income_3plus,20170.0
cbo_jan_2025,2032,tp_eitc_earned_income_3plus,20560.0
cbo_jan_2025,2033,tp_eitc_earned_income_3plus,20970.0
cbo_jan_2025,2034,tp_eitc_earned_income_3plus,21390.0
cbo_jan_2025,2035,tp_eitc_earned_income_3plus,21810.0
cbo_jan_2025,2022,tp_eitc_max_credit_0,560.0
cbo_jan_2025,2023,tp_eitc_max_credit_0,600.0
cbo_jan_2025,2024,tp_eitc_max_credit_0,632.0
cbo_jan_2025,2025,tp_eitc_max_credit_0,649.0
cbo_jan_2025,2026,tp_eitc_max_credit_0,662.0
cbo_jan_2025,2027,tp_eitc_max_credit_0,677.0
cbo_jan_2025,2028,tp_eitc_max_credit_0,691.0
cbo_jan_2025,2029,tp_eitc_max_credit_0,704.0
cbo_jan_2025,2030,tp_eitc_max_credit_0,718.0
cbo_jan_2025,2031,tp_eitc_max_credit_0,732.0
cbo_jan_2025,2032,tp_eitc_max_credit_0,747.0
cbo_jan_2025,2033,tp_eitc_max_credit_0,762.0
cbo_jan_2025,2034,tp_eitc_max_credit_0,776.0
cbo_jan_2025,2035,tp_eitc_max_credit_0,792.0
cbo_jan_2025,2022,tp_eitc_max_credit_1,3733.0
cbo_jan_2025,2023,tp_eitc_max_credit_1,3995.0
cbo_jan_2025,2024,tp_eitc_max_credit_1,4213.0
cbo_jan_2025,2025,tp_eitc_max_credit_1,4328.0
cbo_jan_2025,2026,tp_eitc_max_credit_1,4420.0
cbo_jan_2025,2027,tp_eitc_max_credit_1,4512.0
cbo_jan_2025,2028,tp_eitc_max_credit_1,4604.0
cbo_jan_2025,2029,tp_eitc_max_credit_1,4695.0
cbo_jan_2025,2030,tp_eitc_max_credit_1,4787.0
cbo_jan_2025,2031,tp_eitc_max_credit_1,4882.0
cbo_jan_2025,2032,tp_eitc_max_credit_1,4978.0
cbo_jan_2025,2033,tp_eitc_max_credit_1,5076.0
cbo_jan_2025,2034,tp_eitc_max_credit_1,5178.0
cbo_jan_2025,2035,tp_eitc_max_credit_1,5280.0
cbo_jan_2025,2022,tp_eitc_max_credit_2,6164.0
cbo_jan_2025,2023,tp_eitc_max_credit_2,6604.0
cbo_jan_2025,2024,tp_eitc_max_credit_2,6960.0
cbo_jan_2025,2025,tp_eitc_max_credit_2,7152.0
cbo_jan_2025,2026,tp_eitc_max_credit_2,7300.0
cbo_jan_2025,2027,tp_eitc_max_credit_2,7456.0
cbo_jan_2025,2028,tp_eitc_max_credit_2,7608.0
cbo_jan_2025,2029,tp_eitc_max_credit_2,7756.0
cbo_jan_2025,2030,tp_eitc_max_credit_2,7908.0
cbo_jan_2025,2031,tp_eitc_max_credit_2,8068.0
cbo_jan_2025,2032,tp_eitc_max_credit_2,8224.0
cbo_jan_2025,2033,tp_eitc_max_credit_2,8388.0
cbo_jan_2025,2034,tp_eitc_max_credit_2,8556.0
cbo_jan_2025,2035,tp_eitc_max_credit_2,8724.0
cbo_jan_2025,2022,tp_eitc_max_credit_3plus,6935.0
cbo_jan_2025,2023,tp_eitc_max_credit_3plus,7430.0
cbo_jan_2025,2024,tp_eitc_max_credit_3plus,7830.0
cbo_jan_2025,2025,tp_eitc_max_credit_3plus,8046.0
cbo_jan_2025,2026,tp_eitc_max_credit_3plus,8212.0
cbo_jan_2025,2027,tp_eitc_max_credit_3plus,8388.0
cbo_jan_2025,2028,tp_eitc_max_credit_3plus,8559.0
cbo_jan_2025,2029,tp_eitc_max_credit_3plus,8726.0
cbo_jan_2025,2030,tp_eitc_max_credit_3plus,8896.0
cbo_jan_2025,2031,tp_eitc_max_credit_3plus,9076.0
cbo_jan_2025,2032,tp_eitc_max_credit_3plus,9252.0
cbo_jan_2025,2033,tp_eitc_max_credit_3plus,9436.0
cbo_jan_2025,2034,tp_eitc_max_credit_3plus,9626.0
cbo_jan_2025,2035,tp_eitc_max_credit_3plus,9814.0
cbo_jan_2025,2022,tp_eitc_phasein_rate_0,7.65
cbo_jan_2025,2023,tp_eitc_phasein_rate_0,7.65
cbo_jan_2025,2024,tp_eitc_phasein_rate_0,7.65
cbo_jan_2025,2025,tp_eitc_phasein_rate_0,7.65
cbo_jan_2025,2026,tp_eitc_phasein_rate_0,7.65
cbo_jan_2025,2027,tp_eitc_phasein_rate_0,7.65
cbo_jan_2025,2028,tp_eitc_phasein_rate_0,7.65
cbo_jan_2025,2029,tp_eitc_phasein_rate_0,7.65
cbo_jan_2025,2030,tp_eitc_phasein_rate_0,7.65
cbo_jan_2025,2031,tp_eitc_phasein_rate_0,7.65
cbo_jan_2025,2032,tp_eitc_phasein_rate_0,7.65
cbo_jan_2025,2033,tp_eitc_phasein_rate_0,7.65
cbo_jan_2025,2034,tp_eitc_phasein_rate_0,7.65
cbo_jan_2025,2035,tp_eitc_phasein_rate_0,7.65
cbo_jan_2025,2022,tp_eitc_phasein_rate_1,34.0
cbo_jan_2025,2023,tp_eitc_phasein_rate_1,34.0
cbo_jan_2025,2024,tp_eitc_phasein_rate_1,34.0
cbo_jan_2025,2025,tp_eitc_phasein_rate_1,34.0
cbo_jan_2025,2026,tp_eitc_phasein_rate_1,34.0
cbo_jan_2025,2027,tp_eitc_phasein_rate_1,34.0
cbo_jan_2025,2028,tp_eitc_phasein_rate_1,34.0
cbo_jan_2025,2029,tp_eitc_phasein_rate_1,34.0
cbo_jan_2025,2030,tp_eitc_phasein_rate_1,34.0
cbo_jan_2025,2031,tp_eitc_phasein_rate_1,34.0
cbo_jan_2025,2032,tp_eitc_phasein_rate_1,34.0
cbo_jan_2025,2033,tp_eitc_phasein_rate_1,34.0
cbo_jan_2025,2034,tp_eitc_phasein_rate_1,34.0
cbo_jan_2025,2035,tp_eitc_phasein_rate_1,34.0
cbo_jan_2025,2022,tp_eitc_phasein_rate_2,40.0
cbo_jan_2025,2023,tp_eitc_phasein_rate_2,40.0
cbo_jan_2025,2024,tp_eitc_phasein_rate_2,40.0
cbo_jan_2025,2025,tp_eitc_phasein_rate_2,40.0
cbo_jan_2025,2026,tp_eitc_phasein_rate_2,40.0
cbo_jan_2025,2027,tp_eitc_phasein_rate_2,40.0
cbo_jan_2025,2028,tp_eitc_phasein_rate_2,40.0
cbo_jan_2025,2029,tp_eitc_phasein_rate_2,40.0
cbo_jan_2025,2030,tp_eitc_phasein_rate_2,40.0
cbo_jan_2025,2031,tp_eitc_phasein_rate_2,40.0
cbo_jan_2025,2032,tp_eitc_phasein_rate_2,40.0
cbo_jan_2025,2033,tp_eitc_phasein_rate_2,40.0
cbo_jan_2025,2034,tp_eitc_phasein_rate_2,40.0
cbo_jan_2025,2035,tp_eitc_phasein_rate_2,40.0
cbo_jan_2025,2022,tp_eitc_phasein_rate_3plus,45.0
cbo_jan_2025,2023,tp_eitc_phasein_rate_3plus,45.0
cbo_jan_2025,2024,tp_eitc_phasein_rate_3plus,45.0
cbo_jan_2025,2025,tp_eitc_phasein_rate_3plus,45.0
cbo_jan_2025,2026,tp_eitc_phasein_rate_3plus,45.0
cbo_jan_2025,2027,tp_eitc_phasein_rate_3plus,45.0
cbo_jan_2025,2028,tp_eitc_phasein_rate_3plus,45.0
cbo_jan_2025,2029,tp_eitc_phasein_rate_3plus,45.0
cbo_jan_2025,2030,tp_eitc_phasein_rate_3plus,45.0
cbo_jan_2025,2031,tp_eitc_phasein_rate_3plus,45.0
cbo_jan_2025,2032,tp_eitc_phasein_rate_3plus,45.0
cbo_jan_2025,2033,tp_eitc_phasein_rate_3plus,45.0
cbo_jan_2025,2034,tp_eitc_phasein_rate_3plus,45.0
cbo_jan_2025,2035,tp_eitc_phasein_rate_3plus,45.0
cbo_jan_2025,2022,tp_eitc_phaseout_mfj_0,15290.0
cbo_jan_2025,2023,tp_eitc_phaseout_mfj_0,16370.0
cbo_jan_2025,2024,tp_eitc_phaseout_mfj_0,17250.0
cbo_jan_2025,2025,tp_eitc_phaseout_mfj_0,17730.0
cbo_jan_2025,2026,tp_eitc_phaseout_mfj_0,18100.0
cbo_jan_2025,2027,tp_eitc_phaseout_mfj_0,18480.0
cbo_jan_2025,2028,tp_eitc_phaseout_mfj_0,18860.0
cbo_jan_2025,2029,tp_eitc_phaseout_mfj_0,19230.0
cbo_jan_2025,2030,tp_eitc_phaseout_mfj_0,19610.0
cbo_jan_2025,2031,tp_eitc_phaseout_mfj_0,20000.0
cbo_jan_2025,2032,tp_eitc_phaseout_mfj_0,20390.0
cbo_jan_2025,2033,tp_eitc_phaseout_mfj_0,20800.0
cbo_jan_2025,2034,tp_eitc_phaseout_mfj_0,21210.0
cbo_jan_2025,2035,tp_eitc_phaseout_mfj_0,21630.0
cbo_jan_2025,2022,tp_eitc_phaseout_mfj_1,26260.0
cbo_jan_2025,2023,tp_eitc_phaseout_mfj_1,28120.0
cbo_jan_2025,2024,tp_eitc_phaseout_mfj_1,29640.0
cbo_jan_2025,2025,tp_eitc_phaseout_mfj_1,30470.0
cbo_jan_2025,2026,tp_eitc_phaseout_mfj_1,31100.0
cbo_jan_2025,2027,tp_eitc_phaseout_mfj_1,31760.0
cbo_jan_2025,2028,tp_eitc_phaseout_mfj_1,32400.0
cbo_jan_2025,2029,tp_eitc_phaseout_mfj_1,33040.0
cbo_jan_2025,2030,tp_eitc_phaseout_mfj_1,33690.0
cbo_jan_2025,2031,tp_eitc_phaseout_mfj_1,34360.0
cbo_jan_2025,2032,tp_eitc_phaseout_mfj_1,35040.0
cbo_jan_2025,2033,tp_eitc_phaseout_mfj_1,35730.0
cbo_jan_2025,2034,tp_eitc_phaseout_mfj_1,36440.0
cbo_jan_2025,2035,tp_eitc_phaseout_mfj_1,37170.0
cbo_jan_2025,2022,tp_eitc_phaseout_mfj_2,26260.0
cbo_jan_2025,2023,tp_eitc_phaseout_mfj_2,28120.0
cbo_jan_2025,2024,tp_eitc_phaseout_mfj_2,29640.0
cbo_jan_2025,2025,tp_eitc_phaseout_mfj_2,30470.0
cbo_jan_2025,2026,tp_eitc_phaseout_mfj_2,31100.0
cbo_jan_2025,2027,tp_eitc_phaseout_mfj_2,31760.0
cbo_jan_2025,2028,tp_eitc_phaseout_mfj_2,32400.0
cbo_jan_2025,2029,tp_eitc_phaseout_mfj_2,33040.0
cbo_jan_2025,2030,tp_eitc_phaseout_mfj_2,33690.0
cbo_jan_2025,2031,tp_eitc_phaseout_mfj_2,34360.0
cbo_jan_2025,2032,tp_eitc_phaseout_mfj_2,35040.0
cbo_jan_2025,2033,tp_eitc_phaseout_mfj_2,35730.0
cbo_jan_2025,2034,tp_eitc_phaseout_mfj_2,36440.0
cbo_jan_2025,2035,tp_eitc_phaseout_mfj_2,37170.0
cbo_jan_2025,2022,tp_eitc_phaseout_mfj_3plus,26260.0
cbo_jan_2025,2023,tp_eitc_phaseout_mfj_3plus,28120.0
cbo_jan_2025,2024,tp_eitc_phaseout_mfj_3plus,29640.0
cbo_jan_2025,2025,tp_eitc_phaseout_mfj_3plus,30470.0
cbo_jan_2025,2026,tp_eitc_phaseout_mfj_3plus,31100.0
cbo_jan_2025,2027,tp_eitc_phaseout_mfj_3plus,31760.0
cbo_jan_2025,2028,tp_eitc_phaseout_mfj_3plus,32400.0
cbo_jan_2025,2029,tp_eitc_phaseout_mfj_3plus,33040.0
cbo_jan_2025,2030,tp_eitc_phaseout_mfj_3plus,33690.0
cbo_jan_2025,2031,tp_eitc_phaseout_mfj_3plus,34360.0
cbo_jan_2025,2032,tp_eitc_phaseout_mfj_3plus,35040.0
cbo_jan_2025,2033,tp_eitc_phaseout_mfj_3plus,35730.0
cbo_jan_2025,2034,tp_eitc_phaseout_mfj_3plus,36440.0
cbo_jan_2025,2035,tp_eitc_phaseout_mfj_3plus,37170.0
cbo_jan_2025,2022,tp_eitc_phaseout_rate_0,7.65
cbo_jan_2025,2023,tp_eitc_phaseout_rate_0,7.65
cbo_jan_2025,2024,tp_eitc_phaseout_rate_0,7.65
cbo_jan_2025,2025,tp_eitc_phaseout_rate_0,7.65
cbo_jan_2025,2026,tp_eitc_phaseout_rate_0,7.65
cbo_jan_2025,2027,tp_eitc_phaseout_rate_0,7.65
cbo_jan_2025,2028,tp_eitc_phaseout_rate_0,7.65
cbo_jan_2025,2029,tp_eitc_phaseout_rate_0,7.65
cbo_jan_2025,2030,tp_eitc_phaseout_rate_0,7.65
cbo_jan_2025,2031,tp_eitc_phaseout_rate_0,7.65
cbo_jan_2025,2032,tp_eitc_phaseout_rate_0,7.65
cbo_jan_2025,2033,tp_eitc_phaseout_rate_0,7.65
cbo_jan_2025,2034,tp_eitc_phaseout_rate_0,7.65
cbo_jan_2025,2035,tp_eitc_phaseout_rate_0,7.65
cbo_jan_2025,2022,tp_eitc_phaseout_rate_1,15.98
cbo_jan_2025,2023,tp_eitc_phaseout_rate_1,15.98
cbo_jan_2025,2024,tp_eitc_phaseout_rate_1,15.98
cbo_jan_2025,2025,tp_eitc_phaseout_rate_1,15.98
cbo_jan_2025,2026,tp_eitc_phaseout_rate_1,15.98
cbo_jan_2025,2027,tp_eitc_phaseout_rate_1,15.98
cbo_jan_2025,2028,tp_eitc_phaseout_rate_1,15.98
cbo_jan_2025,2029,tp_eitc_phaseout_rate_1,15.98
cbo_jan_2025,2030,tp_eitc_phaseout_rate_1,15.98
cbo_jan_2025,2031,tp_eitc_phaseout_rate_1,15.98
cbo_jan_2025,2032,tp_eitc_phaseout_rate_1,15.98
cbo_jan_2025,2033,tp_eitc_phaseout_rate_1,15.98
cbo_jan_2025,2034,tp_eitc_phaseout_rate_1,15.98
cbo_jan_2025,2035,tp_eitc_phaseout_rate_1,15.98
cbo_jan_2025,2022,tp_eitc_phaseout_rate_2,21.06
cbo_jan_2025,2023,tp_eitc_phaseout_rate_2,21.06
cbo_jan_2025,2024,tp_eitc_phaseout_rate_2,21.06
cbo_jan_2025,2025,tp_eitc_phaseout_rate_2,21.06
cbo_jan_2025,2026,tp_eitc_phaseout_rate_2,21.06
cbo_jan_2025,2027,tp_eitc_phaseout_rate_2,21.06
cbo_jan_2025,2028,tp_eitc_phaseout_rate_2,21.06
cbo_jan_2025,2029,tp_eitc_phaseout_rate_2,21.06
cbo_jan_2025,2030,tp_eitc_phaseout_rate_2,21.06
cbo_jan_2025,2031,tp_eitc_phaseout_rate_2,21.06
cbo_jan_2025,2032,tp_eitc_phaseout_rate_2,21.06
cbo_jan_2025,2033,tp_eitc_phaseout_rate_2,21.06
cbo_jan_2025,2034,tp_eitc_phaseout_rate_2,21.06
cbo_jan_2025,2035,tp_eitc_phaseout_rate_2,21.06
cbo_jan_2025,2022,tp_eitc_phaseout_rate_3plus,21.06
cbo_jan_2025,2023,tp_eitc_phaseout_rate_3plus,21.06
cbo_jan_2025,2024,tp_eitc_phaseout_rate_3plus,21.06
cbo_jan_2025,2025,tp_eitc_phaseout_rate_3plus,21.06
cbo_jan_2025,2026,tp_eitc_phaseout_rate_3plus,21.06
cbo_jan_2025,2027,tp_eitc_phaseout_rate_3plus,21.06
cbo_jan_2025,2028,tp_eitc_phaseout_rate_3plus,21.06
cbo_jan_2025,2029,tp_eitc_phaseout_rate_3plus,21.06
cbo_jan_2025,2030,tp_eitc_phaseout_rate_3plus,21.06
cbo_jan_2025,2031,tp_eitc_phaseout_rate_3plus,21.06
cbo_jan_2025,2032,tp_eitc_phaseout_rate_3plus,21.06
cbo_jan_2025,2033,tp_eitc_phaseout_rate_3plus,21.06
cbo_jan_2025,2034,tp_eitc_phaseout_rate_3plus,21.06
cbo_jan_2025,2035,tp_eitc_phaseout_rate_3plus,21.06
cbo_jan_2025,2022,tp_eitc_phaseout_single_0,9160.0
cbo_jan_2025,2023,tp_eitc_phaseout_single_0,9800.0
cbo_jan_2025,2024,tp_eitc_phaseout_single_0,10330.0
cbo_jan_2025,2025,tp_eitc_phaseout_single_0,10620.0
cbo_jan_2025,2026,tp_eitc_phaseout_single_0,10840.0
cbo_jan_2025,2027,tp_eitc_phaseout_single_0,11070.0
cbo_jan_2025,2028,tp_eitc_phaseout_single_0,11290.0
cbo_jan_2025,2029,tp_eitc_phaseout_single_0,11520.0
cbo_jan_2025,2030,tp_eitc_phaseout_single_0,11740.0
cbo_jan_2025,2031,tp_eitc_phaseout_single_0,11980.0
cbo_jan_2025,2032,tp_eitc_phaseout_single_0,12210.0
cbo_jan_2025,2033,tp_eitc_phaseout_single_0,12460.0
cbo_jan_2025,2034,tp_eitc_phaseout_single_0,12700.0
cbo_jan_2025,2035,tp_eitc_phaseout_single_0,12960.0
cbo_jan_2025,2022,tp_eitc_phaseout_single_1,20130.0
cbo_jan_2025,2023,tp_eitc_phaseout_single_1,21560.0
cbo_jan_2025,2024,tp_eitc_phaseout_single_1,22720.0
cbo_jan_2025,2025,tp_eitc_phaseout_single_1,23350.0
cbo_jan_2025,2026,tp_eitc_phaseout_single_1,23840.0
cbo_jan_2025,2027,tp_eitc_phaseout_single_1,24340.0
cbo_jan_2025,2028,tp_eitc_phaseout_single_1,24830.0
cbo_jan_2025,2029,tp_eitc_phaseout_single_1,25320.0
cbo_jan_2025,2030,tp_eitc_phaseout_single_1,25820.0
cbo_jan_2025,2031,tp_eitc_phaseout_single_1,26340.0
cbo_jan_2025,2032,tp_eitc_phaseout_single_1,26860.0
cbo_jan_2025,2033,tp_eitc_phaseout_single_1,27390.0
cbo_jan_2025,2034,tp_eitc_phaseout_single_1,27930.0
cbo_jan_2025,2035,tp_eitc_phaseout_single_1,28490.0
cbo_jan_2025,2022,tp_eitc_phaseout_single_2,20130.0
cbo_jan_2025,2023,tp_eitc_phaseout_single_2,21560.0
cbo_jan_2025,2024,tp_eitc_phaseout_single_2,22720.0
cbo_jan_2025,2025,tp_eitc_phaseout_single_2,23350.0
cbo_jan_2025,2026,tp_eitc_phaseout_single_2,23840.0
cbo_jan_2025,2027,tp_eitc_phaseout_single_2,24340.0
cbo_jan_2025,2028,tp_eitc_phaseout_single_2,24830.0
cbo_jan_2025,2029,tp_eitc_phaseout_single_2,25320.0
cbo_jan_2025,2030,tp_eitc_phaseout_single_2,25820.0
cbo_jan_2025,2031,tp_eitc_phaseout_single_2,26340.0
cbo_jan_2025,2032,tp_eitc_phaseout_single_2,26860.0
cbo_jan_2025,2033,tp_eitc_phaseout_single_2,27390.0
cbo_jan_2025,2034,tp_eitc_phaseout_single_2,27930.0
cbo_jan_2025,2035,tp_eitc_phaseout_single_2,28490.0
cbo_jan_2025,2022,tp_eitc_phaseout_single_3plus,20130.0
cbo_jan_2025,2023,tp_eitc_phaseout_single_3plus,21560.0
cbo_jan_2025,2024,tp_eitc_phaseout_single_3plus,22720.0
cbo_jan_2025,2025,tp_eitc_phaseout_single_3plus,23350.0
cbo_jan_2025,2026,tp_eitc_phaseout_single_3plus,23840.0
cbo_jan_2025,2027,tp_eitc_phaseout_single_3plus,24340.0
cbo_jan_2025,2028,tp_eitc_phaseout_single_3plus,24830.0
cbo_jan_2025,2029,tp_eitc_phaseout_single_3plus,25320.0
cbo_jan_2025,2030,tp_eitc_phaseout_single_3plus,25820.0
cbo_jan_2025,2031,tp_eitc_phaseout_single_3plus,26340.0
cbo_jan_2025,2032,tp_eitc_phaseout_single_3plus,26860.0
cbo_jan_2025,2033,tp_eitc_phaseout_single_3plus,27390.0
cbo_jan_2025,2034,tp_eitc_phaseout_single_3plus,27930.0
cbo_jan_2025,2035,tp_eitc_phaseout_single_3plus,28490.0
cbo_jan_2025,2025,tp_emtr_capital_business,18.5
cbo_jan_2025,2026,tp_emtr_capital_business,21.28
cbo_jan_2025,2027,tp_emtr_capital_business,22.28
cbo_jan_2025,2028,tp_emtr_capital_business,22.36
cbo_jan_2025,2029,tp_emtr_capital_business,22.38
cbo_jan_2025,2030,tp_emtr_capital_business,22.57
cbo_jan_2025,2031,tp_emtr_capital_business,22.71
cbo_jan_2025,2032,tp_emtr_capital_business,22.64
cbo_jan_2025,2033,tp_emtr_capital_business,22.76
cbo_jan_2025,2034,tp_emtr_capital_business,22.73
cbo_jan_2025,2035,tp_emtr_capital_business,22.81
cbo_jan_2025,2025,tp_emtr_capital_business_c_corp,17.17
cbo_jan_2025,2026,tp_emtr_capital_business_c_corp,18.55
cbo_jan_2025,2027,tp_emtr_capital_business_c_corp,19.69
cbo_jan_2025,2028,tp_emtr_capital_business_c_corp,19.79
cbo_jan_2025,2029,tp_emtr_capital_business_c_corp,19.92
cbo_jan_2025,2030,tp_emtr_capital_business_c_corp,20.22
cbo_jan_2025,2031,tp_emtr_capital_business_c_corp,20.35
cbo_jan_2025,2032,tp_emtr_capital_business_c_corp,20.3
cbo_jan_2025,2033,tp_emtr_capital_business_c_corp,20.42
cbo_jan_2025,2034,tp_emtr_capital_business_c_corp,20.36
cbo_jan_2025,2035,tp_emtr_capital_business_c_corp,20.43
cbo_jan_2025,2025,tp_emtr_capital_business_debt,3.96
cbo_jan_2025,2026,tp_emtr_capital_business_debt,4.68
cbo_jan_2025,2027,tp_emtr_capital_business_debt,6.24
cbo_jan_2025,2028,tp_emtr_capital_business_debt,6.62
cbo_jan_2025,2029,tp_emtr_capital_business_debt,6.94
cbo_jan_2025,2030,tp_emtr_capital_business_debt,7.55
cbo_jan_2025,2031,tp_emtr_capital_business_debt,7.8
cbo_jan_2025,2032,tp_emtr_capital_business_debt,7.5
cbo_jan_2025,2033,tp_emtr_capital_business_debt,7.82
cbo_jan_2025,2034,tp_emtr_capital_business_debt,7.48
cbo_jan_2025,2035,tp_emtr_capital_business_debt,7.63
cbo_jan_2025,2025,tp_emtr_capital_business_equipment,12.12
cbo_jan_2025,2026,tp_emtr_capital_business_equipment,15.49
cbo_jan_2025,2027,tp_emtr_capital_business_equipment,18.65
cbo_jan_2025,2028,tp_emtr_capital_business_equipment,18.8
cbo_jan_2025,2029,tp_emtr_capital_business_equipment,18.97
cbo_jan_2025,2030,tp_emtr_capital_business_equipment,19.32
cbo_jan_2025,2031,tp_emtr_capital_business_equipment,19.47
cbo_jan_2025,2032,tp_emtr_capital_business_equipment,19.44
cbo_jan_2025,2033,tp_emtr_capital_business_equipment,19.54
cbo_jan_2025,2034,tp_emtr_capital_business_equipment,19.51
cbo_jan_2025,2035,tp_emtr_capital_business_equipment,19.58
cbo_jan_2025,2025,tp_emtr_capital_business_equity,21.6
cbo_jan_2025,2026,tp_emtr_capital_business_equity,24.64
cbo_jan_2025,2027,tp_emtr_capital_business_equity,25.55
cbo_jan_2025,2028,tp_emtr_capital_business_equity,25.57
cbo_jan_2025,2029,tp_emtr_capital_business_equity,25.55
cbo_jan_2025,2030,tp_emtr_capital_business_equity,25.66
cbo_jan_2025,2031,tp_emtr_capital_business_equity,25.78
cbo_jan_2025,2032,tp_emtr_capital_business_equity,25.75
cbo_jan_2025,2033,tp_emtr_capital_business_equity,25.84
cbo_jan_2025,2034,tp_emtr_capital_business_equity,25.86
cbo_jan_2025,2035,tp_emtr_capital_business_equity,25.92
cbo_jan_2025,2025,tp_emtr_capital_business_incl_land,20.38
cbo_jan_2025,2026,tp_emtr_capital_business_incl_land,23.34
cbo_jan_2025,2027,tp_emtr_capital_business_incl_land,24.12
cbo_jan_2025,2028,tp_emtr_capital_business_incl_land,24.18
cbo_jan_2025,2029,tp_emtr_capital_business_incl_land,24.16
cbo_jan_2025,2030,tp_emtr_capital_business_incl_land,24.3
cbo_jan_2025,2031,tp_emtr_capital_business_incl_land,24.44
cbo_jan_2025,2032,tp_emtr_capital_business_incl_land,24.37
cbo_jan_2025,2033,tp_emtr_capital_business_incl_land,24.49
cbo_jan_2025,2034,tp_emtr_capital_business_incl_land,24.46
cbo_jan_2025,2035,tp_emtr_capital_business_incl_land,24.55
cbo_jan_2025,2025,tp_emtr_capital_business_inventories,29.44
cbo_jan_2025,2026,tp_emtr_capital_business_inventories,32.13
cbo_jan_2025,2027,tp_emtr_capital_business_inventories,32.19
cbo_jan_2025,2028,tp_emtr_capital_business_inventories,32.23
cbo_jan_2025,2029,tp_emtr_capital_business_inventories,32.1
cbo_jan_2025,2030,tp_emtr_capital_business_inventories,32.09
cbo_jan_2025,2031,tp_emtr_capital_business_inventories,32.23
cbo_jan_2025,2032,tp_emtr_capital_business_inventories,32.19
cbo_jan_2025,2033,tp_emtr_capital_business_inventories,32.28
cbo_jan_2025,2034,tp_emtr_capital_business_inventories,32.28
cbo_jan_2025,2035,tp_emtr_capital_business_inventories,32.36
cbo_jan_2025,2025,tp_emtr_capital_business_land,26.73
cbo_jan_2025,2026,tp_emtr_capital_business_land,30.21
cbo_jan_2025,2027,tp_emtr_capital_business_land,30.29
cbo_jan_2025,2028,tp_emtr_capital_business_land,30.33
cbo_jan_2025,2029,tp_emtr_capital_business_land,30.18
cbo_jan_2025,2030,tp_emtr_capital_business_land,30.16
cbo_jan_2025,2031,tp_emtr_capital_business_land,30.31
cbo_jan_2025,2032,tp_emtr_capital_business_land,30.24
cbo_jan_2025,2033,tp_emtr_capital_business_land,30.36
cbo_jan_2025,2034,tp_emtr_capital_business_land,30.35
cbo_jan_2025,2035,tp_emtr_capital_business_land,30.44
cbo_jan_2025,2025,tp_emtr_capital_business_other_ip,22.46
cbo_jan_2025,2026,tp_emtr_capital_business_other_ip,25.33
cbo_jan_2025,2027,tp_emtr_capital_business_other_ip,27.35
cbo_jan_2025,2028,tp_emtr_capital_business_other_ip,27.44
cbo_jan_2025,2029,tp_emtr_capital_business_other_ip,27.5
cbo_jan_2025,2030,tp_emtr_capital_business_other_ip,27.7
cbo_jan_2025,2031,tp_emtr_capital_business_other_ip,27.83
cbo_jan_2025,2032,tp_emtr_capital_business_other_ip,27.81
cbo_jan_2025,2033,tp_emtr_capital_business_other_ip,27.9
cbo_jan_2025,2034,tp_emtr_capital_business_other_ip,27.87
cbo_jan_2025,2035,tp_emtr_capital_business_other_ip,27.93
cbo_jan_2025,2025,tp_emtr_capital_business_passthrough,21.54
cbo_jan_2025,2026,tp_emtr_capital_business_passthrough,27.15
cbo_jan_2025,2027,tp_emtr_capital_business_passthrough,27.89
cbo_jan_2025,2028,tp_emtr_capital_business_passthrough,27.93
cbo_jan_2025,2029,tp_emtr_capital_business_passthrough,27.74
cbo_jan_2025,2030,tp_emtr_capital_business_passthrough,27.69
cbo_jan_2025,2031,tp_emtr_capital_business_passthrough,27.85
cbo_jan_2025,2032,tp_emtr_capital_business_passthrough,27.75
cbo_jan_2025,2033,tp_emtr_capital_business_passthrough,27.88
cbo_jan_2025,2034,tp_emtr_capital_business_passthrough,27.89
cbo_jan_2025,2035,tp_emtr_capital_business_passthrough,27.99
cbo_jan_2025,2025,tp_emtr_capital_business_residential,23.47
cbo_jan_2025,2026,tp_emtr_capital_business_residential,27.26
cbo_jan_2025,2027,tp_emtr_capital_business_residential,27.38
cbo_jan_2025,2028,tp_emtr_capital_business_residential,27.43
cbo_jan_2025,2029,tp_emtr_capital_business_residential,27.26
cbo_jan_2025,2030,tp_emtr_capital_business_residential,27.23
cbo_jan_2025,2031,tp_emtr_capital_business_residential,27.38
cbo_jan_2025,2032,tp_emtr_capital_business_residential,27.29
cbo_jan_2025,2033,tp_emtr_capital_business_residential,27.42
cbo_jan_2025,2034,tp_emtr_capital_business_residential,27.41
cbo_jan_2025,2035,tp_emtr_capital_business_residential,27.5
cbo_jan_2025,2025,tp_emtr_capital_business_structures,20.79
cbo_jan_2025,2026,tp_emtr_capital_business_structures,23.02
cbo_jan_2025,2027,tp_emtr_capital_business_structures,23.69
cbo_jan_2025,2028,tp_emtr_capital_business_structures,23.71
cbo_jan_2025,2029,tp_emtr_capital_business_structures,23.67
cbo_jan_2025,2030,tp_emtr_capital_business_structures,23.78
cbo_jan_2025,2031,tp_emtr_capital_business_structures,23.9
cbo_jan_2025,2032,tp_emtr_capital_business_structures,23.8
cbo_jan_2025,2033,tp_emtr_capital_business_structures,23.95
cbo_jan_2025,2034,tp_emtr_capital_business_structures,23.89
cbo_jan_2025,2035,tp_emtr_capital_business_structures,23.98
cbo_jan_2025,2025,tp_emtr_capital_housing_debt,27.43
cbo_jan_2025,2026,tp_emtr_capital_housing_debt,10.74
cbo_jan_2025,2027,tp_emtr_capital_housing_debt,9.71
cbo_jan_2025,2028,tp_emtr_capital_housing_debt,9.4
cbo_jan_2025,2029,tp_emtr_capital_housing_debt,8.61
cbo_jan_2025,2030,tp_emtr_capital_housing_debt,8.66
cbo_jan_2025,2031,tp_emtr_capital_housing_debt,8.85
cbo_jan_2025,2032,tp_emtr_capital_housing_debt,8.09
cbo_jan_2025,2033,tp_emtr_capital_housing_debt,8.44
cbo_jan_2025,2034,tp_emtr_capital_housing_debt,7.71
cbo_jan_2025,2035,tp_emtr_capital_housing_debt,7.73
cbo_jan_2025,2025,tp_emtr_capital_housing_equity,-0.17
cbo_jan_2025,2026,tp_emtr_capital_housing_equity,-2.34
cbo_jan_2025,2027,tp_emtr_capital_housing_equity,-2.38
cbo_jan_2025,2028,tp_emtr_capital_housing_equity,-2.38
cbo_jan_2025,2029,tp_emtr_capital_housing_equity,-2.38
cbo_jan_2025,2030,tp_emtr_capital_housing_equity,-2.38
cbo_jan_2025,2031,tp_emtr_capital_housing_equity,-2.39
cbo_jan_2025,2032,tp_emtr_capital_housing_equity,-2.39
cbo_jan_2025,2033,tp_emtr_capital_housing_equity,-2.4
cbo_jan_2025,2034,tp_emtr_capital_housing_equity,-2.4
cbo_jan_2025,2035,tp_emtr_capital_housing_equity,-2.41
cbo_jan_2025,2025,tp_emtr_capital_housing_incl_land,8.15
cbo_jan_2025,2026,tp_emtr_capital_housing_incl_land,1.04
cbo_jan_2025,2027,tp_emtr_capital_housing_incl_land,0.72
cbo_jan_2025,2028,tp_emtr_capital_housing_incl_land,0.64
cbo_jan_2025,2029,tp_emtr_capital_housing_incl_land,0.43
cbo_jan_2025,2030,tp_emtr_capital_housing_incl_land,0.43
cbo_jan_2025,2031,tp_emtr_capital_housing_incl_land,0.48
cbo_jan_2025,2032,tp_emtr_capital_housing_incl_land,0.27
cbo_jan_2025,2033,tp_emtr_capital_housing_incl_land,0.36
cbo_jan_2025,2034,tp_emtr_capital_housing_incl_land,0.16
cbo_jan_2025,2035,tp_emtr_capital_housing_incl_land,0.16
cbo_jan_2025,2025,tp_emtr_capital_overall,14.74
cbo_jan_2025,2026,tp_emtr_capital_overall,14.43
cbo_jan_2025,2027,tp_emtr_capital_overall,15.06
cbo_jan_2025,2028,tp_emtr_capital_overall,15.09
cbo_jan_2025,2029,tp_emtr_capital_overall,15.04
cbo_jan_2025,2030,tp_emtr_capital_overall,15.18
cbo_jan_2025,2031,tp_emtr_capital_overall,15.3
cbo_jan_2025,2032,tp_emtr_capital_overall,15.19
cbo_jan_2025,2033,tp_emtr_capital_overall,15.31
cbo_jan_2025,2034,tp_emtr_capital_overall,15.22
cbo_jan_2025,2035,tp_emtr_capital_overall,15.28
cbo_jan_2025,2025,tp_emtr_capital_overall_incl_land,15.01
cbo_jan_2025,2026,tp_emtr_capital_overall_incl_land,14.18
cbo_jan_2025,2027,tp_emtr_capital_overall_incl_land,14.58
cbo_jan_2025,2028,tp_emtr_capital_overall_incl_land,14.59
cbo_jan_2025,2029,tp_emtr_capital_overall_incl_land,14.5
cbo_jan_2025,2030,tp_emtr_capital_overall_incl_land,14.59
cbo_jan_2025,2031,tp_emtr_capital_overall_incl_land,14.71
cbo_jan_2025,2032,tp_emtr_capital_overall_incl_land,14.59
cbo_jan_2025,2033,tp_emtr_capital_overall_incl_land,14.7
cbo_jan_2025,2034,tp_emtr_capital_overall_incl_land,14.61
cbo_jan_2025,2035,tp_emtr_capital_overall_incl_land,14.66
cbo_jan_2025,2025,tp_emtr_labor_combined,27.244
cbo_jan_2025,2026,tp_emtr_labor_combined,29.426
cbo_jan_2025,2027,tp_emtr_labor_combined,29.495
cbo_jan_2025,2028,tp_emtr_labor_combined,29.613
cbo_jan_2025,2029,tp_emtr_labor_combined,29.681
cbo_jan_2025,2030,tp_emtr_labor_combined,29.775
cbo_jan_2025,2031,tp_emtr_labor_combined,29.89
cbo_jan_2025,2032,tp_emtr_labor_combined,29.934
cbo_jan_2025,2033,tp_emtr_labor_combined,29.983
cbo_jan_2025,2034,tp_emtr_labor_combined,30.063
cbo_jan_2025,2035,tp_emtr_labor_combined,30.152
cbo_jan_2025,2025,tp_emtr_labor_iit,18.531
cbo_jan_2025,2026,tp_emtr_labor_iit,20.696
cbo_jan_2025,2027,tp_emtr_labor_iit,20.807
cbo_jan_2025,2028,tp_emtr_labor_iit,20.966
cbo_jan_2025,2029,tp_emtr_labor_iit,21.04
cbo_jan_2025,2030,tp_emtr_labor_iit,21.125
cbo_jan_2025,2031,tp_emtr_labor_iit,21.223
cbo_jan_2025,2032,tp_emtr_labor_iit,21.268
cbo_jan_2025,2033,tp_emtr_labor_iit,21.327
cbo_jan_2025,2034,tp_emtr_labor_iit,21.406
cbo_jan_2025,2035,tp_emtr_labor_iit,21.494
cbo_jan_2025,2025,tp_emtr_labor_payroll,8.713
cbo_jan_2025,2026,tp_emtr_labor_payroll,8.73
cbo_jan_2025,2027,tp_emtr_labor_payroll,8.688
cbo_jan_2025,2028,tp_emtr_labor_payroll,8.647
cbo_jan_2025,2029,tp_emtr_labor_payroll,8.641
cbo_jan_2025,2030,tp_emtr_labor_payroll,8.651
cbo_jan_2025,2031,tp_emtr_labor_payroll,8.667
cbo_jan_2025,2032,tp_emtr_labor_payroll,8.666
cbo_jan_2025,2033,tp_emtr_labor_payroll,8.657
cbo_jan_2025,2034,tp_emtr_labor_payroll,8.657
cbo_jan_2025,2035,tp_emtr_labor_payroll,8.658
cbo_jan_2025,2022,tp_itemized_limit_hoh,0.0
cbo_jan_2025,2023,tp_itemized_limit_hoh,0.0
cbo_jan_2025,2024,tp_itemized_limit_hoh,0.0
cbo_jan_2025,2025,tp_itemized_limit_hoh,0.0
cbo_jan_2025,2026,tp_itemized_limit_hoh,373850.0
cbo_jan_2025,2027,tp_itemized_limit_hoh,381750.0
cbo_jan_2025,2028,tp_itemized_limit_hoh,389500.0
cbo_jan_2025,2029,tp_itemized_limit_hoh,397200.0
cbo_jan_2025,2030,tp_itemized_limit_hoh,405000.0
cbo_jan_2025,2031,tp_itemized_limit_hoh,413050.0
cbo_jan_2025,2032,tp_itemized_limit_hoh,421200.0
cbo_jan_2025,2033,tp_itemized_limit_hoh,429550.0
cbo_jan_2025,2034,tp_itemized_limit_hoh,438100.0
cbo_jan_2025,2035,tp_itemized_limit_hoh,446800.0
cbo_jan_2025,2022,tp_itemized_limit_mfj,0.0
cbo_jan_2025,2023,tp_itemized_limit_mfj,0.0
cbo_jan_2025,2024,tp_itemized_limit_mfj,0.0
cbo_jan_2025,2025,tp_itemized_limit_mfj,0.0
cbo_jan_2025,2026,tp_itemized_limit_mfj,407850.0
cbo_jan_2025,2027,tp_itemized_limit_mfj,416450.0
cbo_jan_2025,2028,tp_itemized_limit_mfj,424900.0
cbo_jan_2025,2029,tp_itemized_limit_mfj,433300.0
cbo_jan_2025,2030,tp_itemized_limit_mfj,441850.0
cbo_jan_2025,2031,tp_itemized_limit_mfj,450600.0
cbo_jan_2025,2032,tp_itemized_limit_mfj,459500.0
cbo_jan_2025,2033,tp_itemized_limit_mfj,468600.0
cbo_jan_2025,2034,tp_itemized_limit_mfj,477900.0
cbo_jan_2025,2035,tp_itemized_limit_mfj,487400.0
cbo_jan_2025,2022,tp_itemized_limit_mfs,0.0
cbo_jan_2025,2023,tp_itemized_limit_mfs,0.0
cbo_jan_2025,2024,tp_itemized_limit_mfs,0.0
cbo_jan_2025,2025,tp_itemized_limit_mfs,0.0
cbo_jan_2025,2026,tp_itemized_limit_mfs,203900.0
cbo_jan_2025,2027,tp_itemized_limit_mfs,208200.0
cbo_jan_2025,2028,tp_itemized_limit_mfs,212450.0
cbo_jan_2025,2029,tp_itemized_limit_mfs,216650.0
cbo_jan_2025,2030,tp_itemized_limit_mfs,220900.0
cbo_jan_2025,2031,tp_itemized_limit_mfs,225300.0
cbo_jan_2025,2032,tp_itemized_limit_mfs,229750.0
cbo_jan_2025,2033,tp_itemized_limit_mfs,234300.0
cbo_jan_2025,2034,tp_itemized_limit_mfs,238950.0
cbo_jan_2025,2035,tp_itemized_limit_mfs,243700.0
cbo_jan_2025,2022,tp_itemized_limit_single,0.0
cbo_jan_2025,2023,tp_itemized_limit_single,0.0
cbo_jan_2025,2024,tp_itemized_limit_single,0.0
cbo_jan_2025,2025,tp_itemized_limit_single,0.0
cbo_jan_2025,2026,tp_itemized_limit_single,339850.0
cbo_jan_2025,2027,tp_itemized_limit_single,347050.0
cbo_jan_2025,2028,tp_itemized_limit_single,354050.0
cbo_jan_2025,2029,tp_itemized_limit_single,361050.0
cbo_jan_2025,2030,tp_itemized_limit_single,368200.0
cbo_jan_2025,2031,tp_itemized_limit_single,375500.0
cbo_jan_2025,2032,tp_itemized_limit_single,382900.0
cbo_jan_2025,2033,tp_itemized_limit_single,390500.0
cbo_jan_2025,2034,tp_itemized_limit_single,398250.0
cbo_jan_2025,2035,tp_itemized_limit_single,406200.0
cbo_jan_2025,2022,tp_n_statutory_rates,7.0
cbo_jan_2025,2023,tp_n_statutory_rates,7.0
cbo_jan_2025,2024,tp_n_statutory_rates,7.0
cbo_jan_2025,2025,tp_n_statutory_rates,7.0
cbo_jan_2025,2026,tp_n_statutory_rates,7.0
cbo_jan_2025,2027,tp_n_statutory_rates,7.0
cbo_jan_2025,2028,tp_n_statutory_rates,7.0
cbo_jan_2025,2029,tp_n_statutory_rates,7.0
cbo_jan_2025,2030,tp_n_statutory_rates,7.0
cbo_jan_2025,2031,tp_n_statutory_rates,7.0
cbo_jan_2025,2032,tp_n_statutory_rates,7.0
cbo_jan_2025,2033,tp_n_statutory_rates,7.0
cbo_jan_2025,2034,tp_n_statutory_rates,7.0
cbo_jan_2025,2035,tp_n_statutory_rates,7.0
cbo_jan_2025,2022,tp_pep_threshold_hoh,0.0
cbo_jan_2025,2023,tp_pep_threshold_hoh,0.0
cbo_jan_2025,2024,tp_pep_threshold_hoh,0.0
cbo_jan_2025,2025,tp_pep_threshold_hoh,0.0
cbo_jan_2025,2026,tp_pep_threshold_hoh,373850.0
cbo_jan_2025,2027,tp_pep_threshold_hoh,381750.0
cbo_jan_2025,2028,tp_pep_threshold_hoh,389500.0
cbo_jan_2025,2029,tp_pep_threshold_hoh,397200.0
cbo_jan_2025,2030,tp_pep_threshold_hoh,405000.0
cbo_jan_2025,2031,tp_pep_threshold_hoh,413050.0
cbo_jan_2025,2032,tp_pep_threshold_hoh,421200.0
cbo_jan_2025,2033,tp_pep_threshold_hoh,429550.0
cbo_jan_2025,2034,tp_pep_threshold_hoh,438100.0
cbo_jan_2025,2035,tp_pep_threshold_hoh,446800.0
cbo_jan_2025,2022,tp_pep_threshold_mfj,0.0
cbo_jan_2025,2023,tp_pep_threshold_mfj,0.0
cbo_jan_2025,2024,tp_pep_threshold_mfj,0.0
cbo_jan_2025,2025,tp_pep_threshold_mfj,0.0
cbo_jan_2025,2026,tp_pep_threshold_mfj,407850.0
cbo_jan_2025,2027,tp_pep_threshold_mfj,416450.0
cbo_jan_2025,2028,tp_pep_threshold_mfj,424900.0
cbo_jan_2025,2029,tp_pep_threshold_mfj,433300.0
cbo_jan_2025,2030,tp_pep_threshold_mfj,441850.0
cbo_jan_2025,2031,tp_pep_threshold_mfj,450600.0
cbo_jan_2025,2032,tp_pep_threshold_mfj,459500.0
cbo_jan_2025,2033,tp_pep_threshold_mfj,468600.0
cbo_jan_2025,2034,tp_pep_threshold_mfj,477900.0
cbo_jan_2025,2035,tp_pep_threshold_mfj,487400.0
cbo_jan_2025,2022,tp_pep_threshold_mfs,0.0
cbo_jan_2025,2023,tp_pep_threshold_mfs,0.0
cbo_jan_2025,2024,tp_pep_threshold_mfs,0.0
cbo_jan_2025,2025,tp_pep_threshold_mfs,0.0
cbo_jan_2025,2026,tp_pep_threshold_mfs,203900.0
cbo_jan_2025,2027,tp_pep_threshold_mfs,208200.0
cbo_jan_2025,2028,tp_pep_threshold_mfs,212450.0
cbo_jan_2025,2029,tp_pep_threshold_mfs,216650.0
cbo_jan_2025,2030,tp_pep_threshold_mfs,220900.0
cbo_jan_2025,2031,tp_pep_threshold_mfs,225300.0
cbo_jan_2025,2032,tp_pep_threshold_mfs,229750.0
cbo_jan_2025,2033,tp_pep_threshold_mfs,234300.0
cbo_jan_2025,2034,tp_pep_threshold_mfs,238950.0
cbo_jan_2025,2035,tp_pep_threshold_mfs,243700.0
cbo_jan_2025,2022,tp_pep_threshold_single,0.0
cbo_jan_2025,2023,tp_pep_threshold_single,0.0
cbo_jan_2025,2024,tp_pep_threshold_single,0.0
cbo_jan_2025,2025,tp_pep_threshold_single,0.0
cbo_jan_2025,2026,tp_pep_threshold_single,339850.0
cbo_jan_2025,2027,tp_pep_threshold_single,347050.0
cbo_jan_2025,2028,tp_pep_threshold_single,354050.0
cbo_jan_2025,2029,tp_pep_threshold_single,361050.0
cbo_jan_2025,2030,tp_pep_threshold_single,368200.0
cbo_jan_2025,2031,tp_pep_threshold_single,375500.0
cbo_jan_2025,2032,tp_pep_threshold_single,382900.0
cbo_jan_2025,2033,tp_pep_threshold_single,390500.0
cbo_jan_2025,2034,tp_pep_threshold_single,398250.0
cbo_jan_2025,2035,tp_pep_threshold_single,406200.0
cbo_jan_2025,2022,tp_personal_exemption,0.0
cbo_jan_2025,2023,tp_personal_exemption,0.0
cbo_jan_2025,2024,tp_personal_exemption,0.0
cbo_jan_2025,2025,tp_personal_exemption,0.0
cbo_jan_2025,2026,tp_personal_exemption,5300.0
cbo_jan_2025,2027,tp_personal_exemption,5400.0
cbo_jan_2025,2028,tp_personal_exemption,5500.0
cbo_jan_2025,2029,tp_personal_exemption,5650.0
cbo_jan_2025,2030,tp_personal_exemption,5750.0
cbo_jan_2025,2031,tp_personal_exemption,5850.0
cbo_jan_2025,2032,tp_personal_exemption,5950.0
cbo_jan_2025,2033,tp_personal_exemption,6100.0
cbo_jan_2025,2034,tp_personal_exemption,6200.0
cbo_jan_2025,2035,tp_personal_exemption,6350.0
cbo_jan_2025,2022,tp_rate_1,10.0
cbo_jan_2025,2023,tp_rate_1,10.0
cbo_jan_2025,2024,tp_rate_1,10.0
cbo_jan_2025,2025,tp_rate_1,10.0
cbo_jan_2025,2026,tp_rate_1,10.0
cbo_jan_2025,2027,tp_rate_1,10.0
cbo_jan_2025,2028,tp_rate_1,10.0
cbo_jan_2025,2029,tp_rate_1,10.0
cbo_jan_2025,2030,tp_rate_1,10.0
cbo_jan_2025,2031,tp_rate_1,10.0
cbo_jan_2025,2032,tp_rate_1,10.0
cbo_jan_2025,2033,tp_rate_1,10.0
cbo_jan_2025,2034,tp_rate_1,10.0
cbo_jan_2025,2035,tp_rate_1,10.0
cbo_jan_2025,2022,tp_rate_2,12.0
cbo_jan_2025,2023,tp_rate_2,12.0
cbo_jan_2025,2024,tp_rate_2,12.0
cbo_jan_2025,2025,tp_rate_2,12.0
cbo_jan_2025,2026,tp_rate_2,15.0
cbo_jan_2025,2027,tp_rate_2,15.0
cbo_jan_2025,2028,tp_rate_2,15.0
cbo_jan_2025,2029,tp_rate_2,15.0
cbo_jan_2025,2030,tp_rate_2,15.0
cbo_jan_2025,2031,tp_rate_2,15.0
cbo_jan_2025,2032,tp_rate_2,15.0
cbo_jan_2025,2033,tp_rate_2,15.0
cbo_jan_2025,2034,tp_rate_2,15.0
cbo_jan_2025,2035,tp_rate_2,15.0
cbo_jan_2025,2022,tp_rate_3,22.0
cbo_jan_2025,2023,tp_rate_3,22.0
cbo_jan_2025,2024,tp_rate_3,22.0
cbo_jan_2025,2025,tp_rate_3,22.0
cbo_jan_2025,2026,tp_rate_3,25.0
cbo_jan_2025,2027,tp_rate_3,25.0
cbo_jan_2025,2028,tp_rate_3,25.0
cbo_jan_2025,2029,tp_rate_3,25.0
cbo_jan_2025,2030,tp_rate_3,25.0
cbo_jan_2025,2031,tp_rate_3,25.0
cbo_jan_2025,2032,tp_rate_3,25.0
cbo_jan_2025,2033,tp_rate_3,25.0
cbo_jan_2025,2034,tp_rate_3,25.0
cbo_jan_2025,2035,tp_rate_3,25.0
cbo_jan_2025,2022,tp_rate_4,24.0
cbo_jan_2025,2023,tp_rate_4,24.0
cbo_jan_2025,2024,tp_rate_4,24.0
cbo_jan_2025,2025,tp_rate_4,24.0
cbo_jan_2025,2026,tp_rate_4,28.0
cbo_jan_2025,2027,tp_rate_4,28.0
cbo_jan_2025,2028,tp_rate_4,28.0
cbo_jan_2025,2029,tp_rate_4,28.0
cbo_jan_2025,2030,tp_rate_4,28.0
cbo_jan_2025,2031,tp_rate_4,28.0
cbo_jan_2025,2032,tp_rate_4,28.0
cbo_jan_2025,2033,tp_rate_4,28.0
cbo_jan_2025,2034,tp_rate_4,28.0
cbo_jan_2025,2035,tp_rate_4,28.0
cbo_jan_2025,2022,tp_rate_5,32.0
cbo_jan_2025,2023,tp_rate_5,32.0
cbo_jan_2025,2024,tp_rate_5,32.0
cbo_jan_2025,2025,tp_rate_5,32.0
cbo_jan_2025,2026,tp_rate_5,33.0
cbo_jan_2025,2027,tp_rate_5,33.0
cbo_jan_2025,2028,tp_rate_5,33.0
cbo_jan_2025,2029,tp_rate_5,33.0
cbo_jan_2025,2030,tp_rate_5,33.0
cbo_jan_2025,2031,tp_rate_5,33.0
cbo_jan_2025,2032,tp_rate_5,33.0
cbo_jan_2025,2033,tp_rate_5,33.0
cbo_jan_2025,2034,tp_rate_5,33.0
cbo_jan_2025,2035,tp_rate_5,33.0
cbo_jan_2025,2022,tp_rate_6,35.0
cbo_jan_2025,2023,tp_rate_6,35.0
cbo_jan_2025,2024,tp_rate_6,35.0
cbo_jan_2025,2025,tp_rate_6,35.0
cbo_jan_2025,2026,tp_rate_6,35.0
cbo_jan_2025,2027,tp_rate_6,35.0
cbo_jan_2025,2028,tp_rate_6,35.0
cbo_jan_2025,2029,tp_rate_6,35.0
cbo_jan_2025,2030,tp_rate_6,35.0
cbo_jan_2025,2031,tp_rate_6,35.0
cbo_jan_2025,2032,tp_rate_6,35.0
cbo_jan_2025,2033,tp_rate_6,35.0
cbo_jan_2025,2034,tp_rate_6,35.0
cbo_jan_2025,2035,tp_rate_6,35.0
cbo_jan_2025,2022,tp_rate_7,37.0
cbo_jan_2025,2023,tp_rate_7,37.0
cbo_jan_2025,2024,tp_rate_7,37.0
cbo_jan_2025,2025,tp_rate_7,37.0
cbo_jan_2025,2026,tp_rate_7,39.6
cbo_jan_2025,2027,tp_rate_7,39.6
cbo_jan_2025,2028,tp_rate_7,39.6
cbo_jan_2025,2029,tp_rate_7,39.6
cbo_jan_2025,2030,tp_rate_7,39.6
cbo_jan_2025,2031,tp_rate_7,39.6
cbo_jan_2025,2032,tp_rate_7,39.6
cbo_jan_2025,2033,tp_rate_7,39.6
cbo_jan_2025,2034,tp_rate_7,39.6
cbo_jan_2025,2035,tp_rate_7,39.6
cbo_jan_2025,2022,tp_ss_max_earnings,147000.0
cbo_jan_2025,2023,tp_ss_max_earnings,160200.0
cbo_jan_2025,2024,tp_ss_max_earnings,168600.0
cbo_jan_2025,2025,tp_ss_max_earnings,176100.0
cbo_jan_2025,2026,tp_ss_max_earnings,186000.0
cbo_jan_2025,2027,tp_ss_max_earnings,192600.0
cbo_jan_2025,2028,tp_ss_max_earnings,198600.0
cbo_jan_2025,2029,tp_ss_max_earnings,206400.0
cbo_jan_2025,2030,tp_ss_max_earnings,214200.0
cbo_jan_2025,2031,tp_ss_max_earnings,222300.0
cbo_jan_2025,2032,tp_ss_max_earnings,230100.0
cbo_jan_2025,2033,tp_ss_max_earnings,237900.0
cbo_jan_2025,2034,tp_ss_max_earnings,246000.0
cbo_jan_2025,2035,tp_ss_max_earnings,254400.0
cbo_jan_2025,2022,tp_std_deduction_dependent,1150.0
cbo_jan_2025,2023,tp_std_deduction_dependent,1250.0
cbo_jan_2025,2024,tp_std_deduction_dependent,1300.0
cbo_jan_2025,2025,tp_std_deduction_dependent,1350.0
cbo_jan_2025,2026,tp_std_deduction_dependent,1350.0
cbo_jan_2025,2027,tp_std_deduction_dependent,1400.0
cbo_jan_2025,2028,tp_std_deduction_dependent,1400.0
cbo_jan_2025,2029,tp_std_deduction_dependent,1450.0
cbo_jan_2025,2030,tp_std_deduction_dependent,1500.0
cbo_jan_2025,2031,tp_std_deduction_dependent,1500.0
cbo_jan_2025,2032,tp_std_deduction_dependent,1550.0
cbo_jan_2025,2033,tp_std_deduction_dependent,1550.0
cbo_jan_2025,2034,tp_std_deduction_dependent,1600.0
cbo_jan_2025,2035,tp_std_deduction_dependent,1650.0
cbo_jan_2025,2022,tp_std_deduction_hoh,19400.0
cbo_jan_2025,2023,tp_std_deduction_hoh,20800.0
cbo_jan_2025,2024,tp_std_deduction_hoh,21900.0
cbo_jan_2025,2025,tp_std_deduction_hoh,22500.0
cbo_jan_2025,2026,tp_std_deduction_hoh,12150.0
cbo_jan_2025,2027,tp_std_deduction_hoh,12400.0
cbo_jan_2025,2028,tp_std_deduction_hoh,12650.0
cbo_jan_2025,2029,tp_std_deduction_hoh,12900.0
cbo_jan_2025,2030,tp_std_deduction_hoh,13200.0
cbo_jan_2025,2031,tp_std_deduction_hoh,13450.0
cbo_jan_2025,2032,tp_std_deduction_hoh,13700.0
cbo_jan_2025,2033,tp_std_deduction_hoh,14000.0
cbo_jan_2025,2034,tp_std_deduction_hoh,14250.0
cbo_jan_2025,2035,tp_std_deduction_hoh,14550.0
cbo_jan_2025,2022,tp_std_deduction_mfj,25900.0
cbo_jan_2025,2023,tp_std_deduction_mfj,27700.0
cbo_jan_2025,2024,tp_std_deduction_mfj,29200.0
cbo_jan_2025,2025,tp_std_deduction_mfj,30000.0
cbo_jan_2025,2026,tp_std_deduction_mfj,16600.0
cbo_jan_2025,2027,tp_std_deduction_mfj,16900.0
cbo_jan_2025,2028,tp_std_deduction_mfj,17300.0
cbo_jan_2025,2029,tp_std_deduction_mfj,17600.0
cbo_jan_2025,2030,tp_std_deduction_mfj,18000.0
cbo_jan_2025,2031,tp_std_deduction_mfj,18300.0
cbo_jan_2025,2032,tp_std_deduction_mfj,18700.0
cbo_jan_2025,2033,tp_std_deduction_mfj,19000.0
cbo_jan_2025,2034,tp_std_deduction_mfj,19400.0
cbo_jan_2025,2035,tp_std_deduction_mfj,19800.0
cbo_jan_2025,2022,tp_std_deduction_mfs,12950.0
cbo_jan_2025,2023,tp_std_deduction_mfs,13850.0
cbo_jan_2025,2024,tp_std_deduction_mfs,14600.0
cbo_jan_2025,2025,tp_std_deduction_mfs,15000.0
cbo_jan_2025,2026,tp_std_deduction_mfs,8300.0
cbo_jan_2025,2027,tp_std_deduction_mfs,8450.0
cbo_jan_2025,2028,tp_std_deduction_mfs,8650.0
cbo_jan_2025,2029,tp_std_deduction_mfs,8800.0
cbo_jan_2025,2030,tp_std_deduction_mfs,9000.0
cbo_jan_2025,2031,tp_std_deduction_mfs,9150.0
cbo_jan_2025,2032,tp_std_deduction_mfs,9350.0
cbo_jan_2025,2033,tp_std_deduction_mfs,9500.0
cbo_jan_2025,2034,tp_std_deduction_mfs,9700.0
cbo_jan_2025,2035,tp_std_deduction_mfs,9900.0
cbo_jan_2025,2022,tp_std_deduction_single,12950.0
cbo_jan_2025,2023,tp_std_deduction_single,13850.0
cbo_jan_2025,2024,tp_std_deduction_single,14600.0
cbo_jan_2025,2025,tp_std_deduction_single,15000.0
cbo_jan_2025,2026,tp_std_deduction_single,8300.0
cbo_jan_2025,2027,tp_std_deduction_single,8450.0
cbo_jan_2025,2028,tp_std_deduction_single,8650.0
cbo_jan_2025,2029,tp_std_deduction_single,8800.0
cbo_jan_2025,2030,tp_std_deduction_single,9000.0
cbo_jan_2025,2031,tp_std_deduction_single,9150.0
cbo_jan_2025,2032,tp_std_deduction_single,9350.0
cbo_jan_2025,2033,tp_std_deduction_single,9500.0
cbo_jan_2025,2034,tp_std_deduction_single,9700.0
cbo_jan_2025,2035,tp_std_deduction_single,9900.0
cbo_jan_2025,2025,tp_wedge_business,1.1
cbo_jan_2025,2026,tp_wedge_business,1.23
cbo_jan_2025,2027,tp_wedge_business,1.29
cbo_jan_2025,2028,tp_wedge_business,1.3
cbo_jan_2025,2029,tp_wedge_business,1.3
cbo_jan_2025,2030,tp_wedge_business,1.32
cbo_jan_2025,2031,tp_wedge_business,1.32
cbo_jan_2025,2032,tp_wedge_business,1.32
cbo_jan_2025,2033,tp_wedge_business,1.32
cbo_jan_2025,2034,tp_wedge_business,1.32
cbo_jan_2025,2035,tp_wedge_business,1.32
cbo_jan_2025,2025,tp_wedge_business_c_corp,1.23
cbo_jan_2025,2026,tp_wedge_business_c_corp,1.29
cbo_jan_2025,2027,tp_wedge_business_c_corp,1.35
cbo_jan_2025,2028,tp_wedge_business_c_corp,1.35
cbo_jan_2025,2029,tp_wedge_business_c_corp,1.36
cbo_jan_2025,2030,tp_wedge_business_c_corp,1.37
cbo_jan_2025,2031,tp_wedge_business_c_corp,1.37
cbo_jan_2025,2032,tp_wedge_business_c_corp,1.38
cbo_jan_2025,2033,tp_wedge_business_c_corp,1.38
cbo_jan_2025,2034,tp_wedge_business_c_corp,1.38
cbo_jan_2025,2035,tp_wedge_business_c_corp,1.38
cbo_jan_2025,2025,tp_wedge_business_debt,0.44
cbo_jan_2025,2026,tp_wedge_business_debt,0.46
cbo_jan_2025,2027,tp_wedge_business_debt,0.54
cbo_jan_2025,2028,tp_wedge_business_debt,0.56
cbo_jan_2025,2029,tp_wedge_business_debt,0.58
cbo_jan_2025,2030,tp_wedge_business_debt,0.6
cbo_jan_2025,2031,tp_wedge_business_debt,0.6
cbo_jan_2025,2032,tp_wedge_business_debt,0.6
cbo_jan_2025,2033,tp_wedge_business_debt,0.6
cbo_jan_2025,2034,tp_wedge_business_debt,0.59
cbo_jan_2025,2035,tp_wedge_business_debt,0.59
cbo_jan_2025,2025,tp_wedge_business_diff_asset_pairs,0.8
cbo_jan_2025,2026,tp_wedge_business_diff_asset_pairs,0.8
cbo_jan_2025,2027,tp_wedge_business_diff_asset_pairs,0.74
cbo_jan_2025,2028,tp_wedge_business_diff_asset_pairs,0.74
cbo_jan_2025,2029,tp_wedge_business_diff_asset_pairs,0.74
cbo_jan_2025,2030,tp_wedge_business_diff_asset_pairs,0.74
cbo_jan_2025,2031,tp_wedge_business_diff_asset_pairs,0.74
cbo_jan_2025,2032,tp_wedge_business_diff_asset_pairs,0.74
cbo_jan_2025,2033,tp_wedge_business_diff_asset_pairs,0.74
cbo_jan_2025,2034,tp_wedge_business_diff_asset_pairs,0.74
cbo_jan_2025,2035,tp_wedge_business_diff_asset_pairs,0.74
cbo_jan_2025,2025,tp_wedge_business_diff_financing,0.98
cbo_jan_2025,2026,tp_wedge_business_diff_financing,1.13
cbo_jan_2025,2027,tp_wedge_business_diff_financing,1.11
cbo_jan_2025,2028,tp_wedge_business_diff_financing,1.09
cbo_jan_2025,2029,tp_wedge_business_diff_financing,1.08
cbo_jan_2025,2030,tp_wedge_business_diff_financing,1.06
cbo_jan_2025,2031,tp_wedge_business_diff_financing,1.07
cbo_jan_2025,2032,tp_wedge_business_diff_financing,1.07
cbo_jan_2025,2033,tp_wedge_business_diff_financing,1.07
cbo_jan_2025,2034,tp_wedge_business_diff_financing,1.08
cbo_jan_2025,2035,tp_wedge_business_diff_financing,1.08
cbo_jan_2025,2025,tp_wedge_business_diff_industry_pairs,0.08
cbo_jan_2025,2026,tp_wedge_business_diff_industry_pairs,0.09
cbo_jan_2025,2027,tp_wedge_business_diff_industry_pairs,0.06
cbo_jan_2025,2028,tp_wedge_business_diff_industry_pairs,0.05
cbo_jan_2025,2029,tp_wedge_business_diff_industry_pairs,0.04
cbo_jan_2025,2030,tp_wedge_business_diff_industry_pairs,0.03
cbo_jan_2025,2031,tp_wedge_business_diff_industry_pairs,0.03
cbo_jan_2025,2032,tp_wedge_business_diff_industry_pairs,0.03
cbo_jan_2025,2033,tp_wedge_business_diff_industry_pairs,0.03
cbo_jan_2025,2034,tp_wedge_business_diff_industry_pairs,0.03
cbo_jan_2025,2035,tp_wedge_business_diff_industry_pairs,0.03
cbo_jan_2025,2025,tp_wedge_business_diff_legal_form,0.36
cbo_jan_2025,2026,tp_wedge_business_diff_legal_form,0.18
cbo_jan_2025,2027,tp_wedge_business_diff_legal_form,0.15
cbo_jan_2025,2028,tp_wedge_business_diff_legal_form,0.15
cbo_jan_2025,2029,tp_wedge_business_diff_legal_form,0.15
cbo_jan_2025,2030,tp_wedge_business_diff_legal_form,0.15
cbo_jan_2025,2031,tp_wedge_business_diff_legal_form,0.15
cbo_jan_2025,2032,tp_wedge_business_diff_legal_form,0.16
cbo_jan_2025,2033,tp_wedge_business_diff_legal_form,0.15
cbo_jan_2025,2034,tp_wedge_business_diff_legal_form,0.16
cbo_jan_2025,2035,tp_wedge_business_diff_legal_form,0.16
cbo_jan_2025,2025,tp_wedge_business_equity,1.42
cbo_jan_2025,2026,tp_wedge_business_equity,1.59
cbo_jan_2025,2027,tp_wedge_business_equity,1.66
cbo_jan_2025,2028,tp_wedge_business_equity,1.65
cbo_jan_2025,2029,tp_wedge_business_equity,1.65
cbo_jan_2025,2030,tp_wedge_business_equity,1.67
cbo_jan_2025,2031,tp_wedge_business_equity,1.67
cbo_jan_2025,2032,tp_wedge_business_equity,1.67
cbo_jan_2025,2033,tp_wedge_business_equity,1.67
cbo_jan_2025,2034,tp_wedge_business_equity,1.67
cbo_jan_2025,2035,tp_wedge_business_equity,1.67
cbo_jan_2025,2025,tp_wedge_business_passthrough,0.87
cbo_jan_2025,2026,tp_wedge_business_passthrough,1.11
cbo_jan_2025,2027,tp_wedge_business_passthrough,1.2
cbo_jan_2025,2028,tp_wedge_business_passthrough,1.2
cbo_jan_2025,2029,tp_wedge_business_passthrough,1.21
cbo_jan_2025,2030,tp_wedge_business_passthrough,1.23
cbo_jan_2025,2031,tp_wedge_business_passthrough,1.22
cbo_jan_2025,2032,tp_wedge_business_passthrough,1.22
cbo_jan_2025,2033,tp_wedge_business_passthrough,1.22
cbo_jan_2025,2034,tp_wedge_business_passthrough,1.22
cbo_jan_2025,2035,tp_wedge_business_passthrough,1.22
cbo_jan_2025,2025,tp_wedge_diff_housing_business,-1.02
cbo_jan_2025,2026,tp_wedge_diff_housing_business,-1.66
cbo_jan_2025,2027,tp_wedge_diff_housing_business,-1.74
cbo_jan_2025,2028,tp_wedge_diff_housing_business,-1.75
cbo_jan_2025,2029,tp_wedge_diff_housing_business,-1.76
cbo_jan_2025,2030,tp_wedge_diff_housing_business,-1.78
cbo_jan_2025,2031,tp_wedge_diff_housing_business,-1.78
cbo_jan_2025,2032,tp_wedge_diff_housing_business,-1.78
cbo_jan_2025,2033,tp_wedge_diff_housing_business,-1.79
cbo_jan_2025,2034,tp_wedge_diff_housing_business,-1.79
cbo_jan_2025,2035,tp_wedge_diff_housing_business,-1.79
cbo_jan_2025,2025,tp_wedge_diff_owner_renter,-1.27
cbo_jan_2025,2026,tp_wedge_diff_owner_renter,-1.88
cbo_jan_2025,2027,tp_wedge_diff_owner_renter,-1.89
cbo_jan_2025,2028,tp_wedge_diff_owner_renter,-1.9
cbo_jan_2025,2029,tp_wedge_diff_owner_renter,-1.9
cbo_jan_2025,2030,tp_wedge_diff_owner_renter,-1.92
cbo_jan_2025,2031,tp_wedge_diff_owner_renter,-1.92
cbo_jan_2025,2032,tp_wedge_diff_owner_renter,-1.92
cbo_jan_2025,2033,tp_wedge_diff_owner_renter,-1.93
cbo_jan_2025,2034,tp_wedge_diff_owner_renter,-1.92
cbo_jan_2025,2035,tp_wedge_diff_owner_renter,-1.92
cbo_jan_2025,2025,tp_wedge_housing,0.07
cbo_jan_2025,2025,tp_wedge_housing,0.07
cbo_jan_2025,2026,tp_wedge_housing,-0.44
cbo_jan_2025,2026,tp_wedge_housing,-0.44
cbo_jan_2025,2027,tp_wedge_housing,-0.45
cbo_jan_2025,2027,tp_wedge_housing,-0.45
cbo_jan_2025,2028,tp_wedge_housing,-0.45
cbo_jan_2025,2028,tp_wedge_housing,-0.45
cbo_jan_2025,2029,tp_wedge_housing,-0.45
cbo_jan_2025,2029,tp_wedge_housing,-0.45
cbo_jan_2025,2030,tp_wedge_housing,-0.46
cbo_jan_2025,2030,tp_wedge_housing,-0.46
cbo_jan_2025,2031,tp_wedge_housing,-0.46
cbo_jan_2025,2031,tp_wedge_housing,-0.46
cbo_jan_2025,2032,tp_wedge_housing,-0.46
cbo_jan_2025,2032,tp_wedge_housing,-0.46
cbo_jan_2025,2033,tp_wedge_housing,-0.47
cbo_jan_2025,2033,tp_wedge_housing,-0.47
cbo_jan_2025,2034,tp_wedge_housing,-0.47
cbo_jan_2025,2034,tp_wedge_housing,-0.47
cbo_jan_2025,2035,tp_wedge_housing,-0.47
cbo_jan_2025,2035,tp_wedge_housing,-0.47
cbo_jan_2025,2025,tp_wedge_housing_debt,0.23
cbo_jan_2025,2026,tp_wedge_housing_debt,-0.86
cbo_jan_2025,2027,tp_wedge_housing_debt,-0.88
cbo_jan_2025,2028,tp_wedge_housing_debt,-0.89
cbo_jan_2025,2029,tp_wedge_housing_debt,-0.9
cbo_jan_2025,2030,tp_wedge_housing_debt,-0.91
cbo_jan_2025,2031,tp_wedge_housing_debt,-0.92
cbo_jan_2025,2032,tp_wedge_housing_debt,-0.92
cbo_jan_2025,2033,tp_wedge_housing_debt,-0.93
cbo_jan_2025,2034,tp_wedge_housing_debt,-0.93
cbo_jan_2025,2035,tp_wedge_housing_debt,-0.93
cbo_jan_2025,2025,tp_wedge_housing_diff_financing,-0.24
cbo_jan_2025,2026,tp_wedge_housing_diff_financing,0.66
cbo_jan_2025,2027,tp_wedge_housing_diff_financing,0.69
cbo_jan_2025,2028,tp_wedge_housing_diff_financing,0.7
cbo_jan_2025,2029,tp_wedge_housing_diff_financing,0.7
cbo_jan_2025,2030,tp_wedge_housing_diff_financing,0.71
cbo_jan_2025,2031,tp_wedge_housing_diff_financing,0.72
cbo_jan_2025,2032,tp_wedge_housing_diff_financing,0.72
cbo_jan_2025,2033,tp_wedge_housing_diff_financing,0.73
cbo_jan_2025,2034,tp_wedge_housing_diff_financing,0.73
cbo_jan_2025,2035,tp_wedge_housing_diff_financing,0.73
cbo_jan_2025,2025,tp_wedge_housing_equity,-0.01
cbo_jan_2025,2026,tp_wedge_housing_equity,-0.19
cbo_jan_2025,2027,tp_wedge_housing_equity,-0.2
cbo_jan_2025,2028,tp_wedge_housing_equity,-0.2
cbo_jan_2025,2029,tp_wedge_housing_equity,-0.2
cbo_jan_2025,2030,tp_wedge_housing_equity,-0.2
cbo_jan_2025,2031,tp_wedge_housing_equity,-0.2
cbo_jan_2025,2032,tp_wedge_housing_equity,-0.2
cbo_jan_2025,2033,tp_wedge_housing_equity,-0.2
cbo_jan_2025,2034,tp_wedge_housing_equity,-0.2
cbo_jan_2025,2035,tp_wedge_housing_equity,-0.2
cbo_jan_2025,2025,tp_wedge_renter_structures,1.35
cbo_jan_2025,2026,tp_wedge_renter_structures,1.44
cbo_jan_2025,2027,tp_wedge_renter_structures,1.44
cbo_jan_2025,2028,tp_wedge_renter_structures,1.45
cbo_jan_2025,2029,tp_wedge_renter_structures,1.45
cbo_jan_2025,2030,tp_wedge_renter_structures,1.46
cbo_jan_2025,2031,tp_wedge_renter_structures,1.46
cbo_jan_2025,2032,tp_wedge_renter_structures,1.46
cbo_jan_2025,2033,tp_wedge_renter_structures,1.46
cbo_jan_2025,2034,tp_wedge_renter_structures,1.46
cbo_jan_2025,2035,tp_wedge_renter_structures,1.46
cbo_feb_2026,2022,tp_additional_deduction_mfj_mfs,1400.0
cbo_feb_2026,2023,tp_additional_deduction_mfj_mfs,1500.0
cbo_feb_2026,2024,tp_additional_deduction_mfj_mfs,1550.0
cbo_feb_2026,2025,tp_additional_deduction_mfj_mfs,1600.0
cbo_feb_2026,2026,tp_additional_deduction_mfj_mfs,1650.0
cbo_feb_2026,2027,tp_additional_deduction_mfj_mfs,1700.0
cbo_feb_2026,2028,tp_additional_deduction_mfj_mfs,1700.0
cbo_feb_2026,2029,tp_additional_deduction_mfj_mfs,1750.0
cbo_feb_2026,2030,tp_additional_deduction_mfj_mfs,1800.0
cbo_feb_2026,2031,tp_additional_deduction_mfj_mfs,1850.0
cbo_feb_2026,2032,tp_additional_deduction_mfj_mfs,1850.0
cbo_feb_2026,2033,tp_additional_deduction_mfj_mfs,1900.0
cbo_feb_2026,2034,tp_additional_deduction_mfj_mfs,1950.0
cbo_feb_2026,2035,tp_additional_deduction_mfj_mfs,2000.0
cbo_feb_2026,2036,tp_additional_deduction_mfj_mfs,2000.0
cbo_feb_2026,2022,tp_additional_deduction_single_hoh,1750.0
cbo_feb_2026,2023,tp_additional_deduction_single_hoh,1850.0
cbo_feb_2026,2024,tp_additional_deduction_single_hoh,1950.0
cbo_feb_2026,2025,tp_additional_deduction_single_hoh,2000.0
cbo_feb_2026,2026,tp_additional_deduction_single_hoh,2050.0
cbo_feb_2026,2027,tp_additional_deduction_single_hoh,2100.0
cbo_feb_2026,2028,tp_additional_deduction_single_hoh,2150.0
cbo_feb_2026,2029,tp_additional_deduction_single_hoh,2200.0
cbo_feb_2026,2030,tp_additional_deduction_single_hoh,2250.0
cbo_feb_2026,2031,tp_additional_deduction_single_hoh,2300.0
cbo_feb_2026,2032,tp_additional_deduction_single_hoh,2350.0
cbo_feb_2026,2033,tp_additional_deduction_single_hoh,2400.0
cbo_feb_2026,2034,tp_additional_deduction_single_hoh,2450.0
cbo_feb_2026,2035,tp_additional_deduction_single_hoh,2500.0
cbo_feb_2026,2036,tp_additional_deduction_single_hoh,2550.0
cbo_feb_2026,2022,tp_amt_bracket_2_hoh,206100.0
cbo_feb_2026,2023,tp_amt_bracket_2_hoh,220700.0
cbo_feb_2026,2024,tp_amt_bracket_2_hoh,232600.0
cbo_feb_2026,2025,tp_amt_bracket_2_hoh,239100.0
cbo_feb_2026,2026,tp_amt_bracket_2_hoh,244500.0
cbo_feb_2026,2027,tp_amt_bracket_2_hoh,250800.0
cbo_feb_2026,2028,tp_amt_bracket_2_hoh,256600.0
cbo_feb_2026,2029,tp_amt_bracket_2_hoh,262000.0
cbo_feb_2026,2030,tp_amt_bracket_2_hoh,267300.0
cbo_feb_2026,2031,tp_amt_bracket_2_hoh,272600.0
cbo_feb_2026,2032,tp_amt_bracket_2_hoh,278000.0
cbo_feb_2026,2033,tp_amt_bracket_2_hoh,283400.0
cbo_feb_2026,2034,tp_amt_bracket_2_hoh,289000.0
cbo_feb_2026,2035,tp_amt_bracket_2_hoh,294700.0
cbo_feb_2026,2036,tp_amt_bracket_2_hoh,300500.0
cbo_feb_2026,2022,tp_amt_bracket_2_mfj,206100.0
cbo_feb_2026,2023,tp_amt_bracket_2_mfj,220700.0
cbo_feb_2026,2024,tp_amt_bracket_2_mfj,232600.0
cbo_feb_2026,2025,tp_amt_bracket_2_mfj,239100.0
cbo_feb_2026,2026,tp_amt_bracket_2_mfj,244500.0
cbo_feb_2026,2027,tp_amt_bracket_2_mfj,250800.0
cbo_feb_2026,2028,tp_amt_bracket_2_mfj,256600.0
cbo_feb_2026,2029,tp_amt_bracket_2_mfj,262000.0
cbo_feb_2026,2030,tp_amt_bracket_2_mfj,267300.0
cbo_feb_2026,2031,tp_amt_bracket_2_mfj,272600.0
cbo_feb_2026,2032,tp_amt_bracket_2_mfj,278000.0
cbo_feb_2026,2033,tp_amt_bracket_2_mfj,283400.0
cbo_feb_2026,2034,tp_amt_bracket_2_mfj,289000.0
cbo_feb_2026,2035,tp_amt_bracket_2_mfj,294700.0
cbo_feb_2026,2036,tp_amt_bracket_2_mfj,300500.0
cbo_feb_2026,2022,tp_amt_bracket_2_mfs,103050.0
cbo_feb_2026,2023,tp_amt_bracket_2_mfs,110350.0
cbo_feb_2026,2024,tp_amt_bracket_2_mfs,116300.0
cbo_feb_2026,2025,tp_amt_bracket_2_mfs,119550.0
cbo_feb_2026,2026,tp_amt_bracket_2_mfs,122250.0
cbo_feb_2026,2027,tp_amt_bracket_2_mfs,125400.0
cbo_feb_2026,2028,tp_amt_bracket_2_mfs,128300.0
cbo_feb_2026,2029,tp_amt_bracket_2_mfs,131000.0
cbo_feb_2026,2030,tp_amt_bracket_2_mfs,133650.0
cbo_feb_2026,2031,tp_amt_bracket_2_mfs,136300.0
cbo_feb_2026,2032,tp_amt_bracket_2_mfs,139000.0
cbo_feb_2026,2033,tp_amt_bracket_2_mfs,141700.0
cbo_feb_2026,2034,tp_amt_bracket_2_mfs,144500.0
cbo_feb_2026,2035,tp_amt_bracket_2_mfs,147350.0
cbo_feb_2026,2036,tp_amt_bracket_2_mfs,150250.0
cbo_feb_2026,2022,tp_amt_bracket_2_single,206100.0
cbo_feb_2026,2023,tp_amt_bracket_2_single,220700.0
cbo_feb_2026,2024,tp_amt_bracket_2_single,232600.0
cbo_feb_2026,2025,tp_amt_bracket_2_single,239100.0
cbo_feb_2026,2026,tp_amt_bracket_2_single,244500.0
cbo_feb_2026,2027,tp_amt_bracket_2_single,250800.0
cbo_feb_2026,2028,tp_amt_bracket_2_single,256600.0
cbo_feb_2026,2029,tp_amt_bracket_2_single,262000.0
cbo_feb_2026,2030,tp_amt_bracket_2_single,267300.0
cbo_feb_2026,2031,tp_amt_bracket_2_single,272600.0
cbo_feb_2026,2032,tp_amt_bracket_2_single,278000.0
cbo_feb_2026,2033,tp_amt_bracket_2_single,283400.0
cbo_feb_2026,2034,tp_amt_bracket_2_single,289000.0
cbo_feb_2026,2035,tp_amt_bracket_2_single,294700.0
cbo_feb_2026,2036,tp_amt_bracket_2_single,300500.0
cbo_feb_2026,2022,tp_amt_exemption_hoh,75900.0
cbo_feb_2026,2023,tp_amt_exemption_hoh,81300.0
cbo_feb_2026,2024,tp_amt_exemption_hoh,85700.0
cbo_feb_2026,2025,tp_amt_exemption_hoh,88100.0
cbo_feb_2026,2026,tp_amt_exemption_hoh,90100.0
cbo_feb_2026,2027,tp_amt_exemption_hoh,92400.0
cbo_feb_2026,2028,tp_amt_exemption_hoh,94500.0
cbo_feb_2026,2029,tp_amt_exemption_hoh,96500.0
cbo_feb_2026,2030,tp_amt_exemption_hoh,98500.0
cbo_feb_2026,2031,tp_amt_exemption_hoh,100400.0
cbo_feb_2026,2032,tp_amt_exemption_hoh,102400.0
cbo_feb_2026,2033,tp_amt_exemption_hoh,104400.0
cbo_feb_2026,2034,tp_amt_exemption_hoh,106500.0
cbo_feb_2026,2035,tp_amt_exemption_hoh,108600.0
cbo_feb_2026,2036,tp_amt_exemption_hoh,110700.0
cbo_feb_2026,2022,tp_amt_exemption_mfj,118100.0
cbo_feb_2026,2023,tp_amt_exemption_mfj,126500.0
cbo_feb_2026,2024,tp_amt_exemption_mfj,133300.0
cbo_feb_2026,2025,tp_amt_exemption_mfj,137000.0
cbo_feb_2026,2026,tp_amt_exemption_mfj,140200.0
cbo_feb_2026,2027,tp_amt_exemption_mfj,143800.0
cbo_feb_2026,2028,tp_amt_exemption_mfj,147100.0
cbo_feb_2026,2029,tp_amt_exemption_mfj,150200.0
cbo_feb_2026,2030,tp_amt_exemption_mfj,153200.0
cbo_feb_2026,2031,tp_amt_exemption_mfj,156300.0
cbo_feb_2026,2032,tp_amt_exemption_mfj,159300.0
cbo_feb_2026,2033,tp_amt_exemption_mfj,162500.0
cbo_feb_2026,2034,tp_amt_exemption_mfj,165700.0
cbo_feb_2026,2035,tp_amt_exemption_mfj,168900.0
cbo_feb_2026,2036,tp_amt_exemption_mfj,172300.0
cbo_feb_2026,2022,tp_amt_exemption_mfs,59050.0
cbo_feb_2026,2023,tp_amt_exemption_mfs,63250.0
cbo_feb_2026,2024,tp_amt_exemption_mfs,66650.0
cbo_feb_2026,2025,tp_amt_exemption_mfs,68500.0
cbo_feb_2026,2026,tp_amt_exemption_mfs,70100.0
cbo_feb_2026,2027,tp_amt_exemption_mfs,71900.0
cbo_feb_2026,2028,tp_amt_exemption_mfs,73550.0
cbo_feb_2026,2029,tp_amt_exemption_mfs,75100.0
cbo_feb_2026,2030,tp_amt_exemption_mfs,76600.0
cbo_feb_2026,2031,tp_amt_exemption_mfs,78150.0
cbo_feb_2026,2032,tp_amt_exemption_mfs,79650.0
cbo_feb_2026,2033,tp_amt_exemption_mfs,81250.0
cbo_feb_2026,2034,tp_amt_exemption_mfs,82850.0
cbo_feb_2026,2035,tp_amt_exemption_mfs,84450.0
cbo_feb_2026,2036,tp_amt_exemption_mfs,86150.0
cbo_feb_2026,2022,tp_amt_exemption_single,75900.0
cbo_feb_2026,2023,tp_amt_exemption_single,81300.0
cbo_feb_2026,2024,tp_amt_exemption_single,85700.0
cbo_feb_2026,2025,tp_amt_exemption_single,88100.0
cbo_feb_2026,2026,tp_amt_exemption_single,90100.0
cbo_feb_2026,2027,tp_amt_exemption_single,92400.0
cbo_feb_2026,2028,tp_amt_exemption_single,94500.0
cbo_feb_2026,2029,tp_amt_exemption_single,96500.0
cbo_feb_2026,2030,tp_amt_exemption_single,98500.0
cbo_feb_2026,2031,tp_amt_exemption_single,100400.0
cbo_feb_2026,2032,tp_amt_exemption_single,102400.0
cbo_feb_2026,2033,tp_amt_exemption_single,104400.0
cbo_feb_2026,2034,tp_amt_exemption_single,106500.0
cbo_feb_2026,2035,tp_amt_exemption_single,108600.0
cbo_feb_2026,2036,tp_amt_exemption_single,110700.0
cbo_feb_2026,2022,tp_amt_phaseout_hoh,539900.0
cbo_feb_2026,2023,tp_amt_phaseout_hoh,578150.0
cbo_feb_2026,2024,tp_amt_phaseout_hoh,609350.0
cbo_feb_2026,2025,tp_amt_phaseout_hoh,626350.0
cbo_feb_2026,2026,tp_amt_phaseout_hoh,500000.0
cbo_feb_2026,2027,tp_amt_phaseout_hoh,512800.0
cbo_feb_2026,2028,tp_amt_phaseout_hoh,524750.0
cbo_feb_2026,2029,tp_amt_phaseout_hoh,535750.0
cbo_feb_2026,2030,tp_amt_phaseout_hoh,546550.0
cbo_feb_2026,2031,tp_amt_phaseout_hoh,557400.0
cbo_feb_2026,2032,tp_amt_phaseout_hoh,568400.0
cbo_feb_2026,2033,tp_amt_phaseout_hoh,579600.0
cbo_feb_2026,2034,tp_amt_phaseout_hoh,591000.0
cbo_feb_2026,2035,tp_amt_phaseout_hoh,602650.0
cbo_feb_2026,2036,tp_amt_phaseout_hoh,614500.0
cbo_feb_2026,2022,tp_amt_phaseout_mfj,1079800.0
cbo_feb_2026,2023,tp_amt_phaseout_mfj,1156300.0
cbo_feb_2026,2024,tp_amt_phaseout_mfj,1218700.0
cbo_feb_2026,2025,tp_amt_phaseout_mfj,1252700.0
cbo_feb_2026,2026,tp_amt_phaseout_mfj,1000000.0
cbo_feb_2026,2027,tp_amt_phaseout_mfj,1025600.0
cbo_feb_2026,2028,tp_amt_phaseout_mfj,1049500.0
cbo_feb_2026,2029,tp_amt_phaseout_mfj,1071500.0
cbo_feb_2026,2030,tp_amt_phaseout_mfj,1093100.0
cbo_feb_2026,2031,tp_amt_phaseout_mfj,1114800.0
cbo_feb_2026,2032,tp_amt_phaseout_mfj,1136800.0
cbo_feb_2026,2033,tp_amt_phaseout_mfj,1159200.0
cbo_feb_2026,2034,tp_amt_phaseout_mfj,1182000.0
cbo_feb_2026,2035,tp_amt_phaseout_mfj,1205300.0
cbo_feb_2026,2036,tp_amt_phaseout_mfj,1229000.0
cbo_feb_2026,2022,tp_amt_phaseout_mfs,539900.0
cbo_feb_2026,2023,tp_amt_phaseout_mfs,578150.0
cbo_feb_2026,2024,tp_amt_phaseout_mfs,609350.0
cbo_feb_2026,2025,tp_amt_phaseout_mfs,626350.0
cbo_feb_2026,2026,tp_amt_phaseout_mfs,500000.0
cbo_feb_2026,2027,tp_amt_phaseout_mfs,512800.0
cbo_feb_2026,2028,tp_amt_phaseout_mfs,524750.0
cbo_feb_2026,2029,tp_amt_phaseout_mfs,535750.0
cbo_feb_2026,2030,tp_amt_phaseout_mfs,546550.0
cbo_feb_2026,2031,tp_amt_phaseout_mfs,557400.0
cbo_feb_2026,2032,tp_amt_phaseout_mfs,568400.0
cbo_feb_2026,2033,tp_amt_phaseout_mfs,579600.0
cbo_feb_2026,2034,tp_amt_phaseout_mfs,591000.0
cbo_feb_2026,2035,tp_amt_phaseout_mfs,602650.0
cbo_feb_2026,2036,tp_amt_phaseout_mfs,614500.0
cbo_feb_2026,2022,tp_amt_phaseout_single,539900.0
cbo_feb_2026,2023,tp_amt_phaseout_single,578150.0
cbo_feb_2026,2024,tp_amt_phaseout_single,609350.0
cbo_feb_2026,2025,tp_amt_phaseout_single,626350.0
cbo_feb_2026,2026,tp_amt_phaseout_single,500000.0
cbo_feb_2026,2027,tp_amt_phaseout_single,512800.0
cbo_feb_2026,2028,tp_amt_phaseout_single,524750.0
cbo_feb_2026,2029,tp_amt_phaseout_single,535750.0
cbo_feb_2026,2030,tp_amt_phaseout_single,546550.0
cbo_feb_2026,2031,tp_amt_phaseout_single,557400.0
cbo_feb_2026,2032,tp_amt_phaseout_single,568400.0
cbo_feb_2026,2033,tp_amt_phaseout_single,579600.0
cbo_feb_2026,2034,tp_amt_phaseout_single,591000.0
cbo_feb_2026,2035,tp_amt_phaseout_single,602650.0
cbo_feb_2026,2036,tp_amt_phaseout_single,614500.0
cbo_feb_2026,2022,tp_amt_rate_1,26.0
cbo_feb_2026,2023,tp_amt_rate_1,26.0
cbo_feb_2026,2024,tp_amt_rate_1,26.0
cbo_feb_2026,2025,tp_amt_rate_1,26.0
cbo_feb_2026,2026,tp_amt_rate_1,26.0
cbo_feb_2026,2027,tp_amt_rate_1,26.0
cbo_feb_2026,2028,tp_amt_rate_1,26.0
cbo_feb_2026,2029,tp_amt_rate_1,26.0
cbo_feb_2026,2030,tp_amt_rate_1,26.0
cbo_feb_2026,2031,tp_amt_rate_1,26.0
cbo_feb_2026,2032,tp_amt_rate_1,26.0
cbo_feb_2026,2033,tp_amt_rate_1,26.0
cbo_feb_2026,2034,tp_amt_rate_1,26.0
cbo_feb_2026,2035,tp_amt_rate_1,26.0
cbo_feb_2026,2036,tp_amt_rate_1,26.0
cbo_feb_2026,2022,tp_amt_rate_2,28.0
cbo_feb_2026,2023,tp_amt_rate_2,28.0
cbo_feb_2026,2024,tp_amt_rate_2,28.0
cbo_feb_2026,2025,tp_amt_rate_2,28.0
cbo_feb_2026,2026,tp_amt_rate_2,28.0
cbo_feb_2026,2027,tp_amt_rate_2,28.0
cbo_feb_2026,2028,tp_amt_rate_2,28.0
cbo_feb_2026,2029,tp_amt_rate_2,28.0
cbo_feb_2026,2030,tp_amt_rate_2,28.0
cbo_feb_2026,2031,tp_amt_rate_2,28.0
cbo_feb_2026,2032,tp_amt_rate_2,28.0
cbo_feb_2026,2033,tp_amt_rate_2,28.0
cbo_feb_2026,2034,tp_amt_rate_2,28.0
cbo_feb_2026,2035,tp_amt_rate_2,28.0
cbo_feb_2026,2036,tp_amt_rate_2,28.0
cbo_feb_2026,2022,tp_bracket_1_hoh,0.0
cbo_feb_2026,2023,tp_bracket_1_hoh,0.0
cbo_feb_2026,2024,tp_bracket_1_hoh,0.0
cbo_feb_2026,2025,tp_bracket_1_hoh,0.0
cbo_feb_2026,2026,tp_bracket_1_hoh,0.0
cbo_feb_2026,2027,tp_bracket_1_hoh,0.0
cbo_feb_2026,2028,tp_bracket_1_hoh,0.0
cbo_feb_2026,2029,tp_bracket_1_hoh,0.0
cbo_feb_2026,2030,tp_bracket_1_hoh,0.0
cbo_feb_2026,2031,tp_bracket_1_hoh,0.0
cbo_feb_2026,2032,tp_bracket_1_hoh,0.0
cbo_feb_2026,2033,tp_bracket_1_hoh,0.0
cbo_feb_2026,2034,tp_bracket_1_hoh,0.0
cbo_feb_2026,2035,tp_bracket_1_hoh,0.0
cbo_feb_2026,2036,tp_bracket_1_hoh,0.0
cbo_feb_2026,2022,tp_bracket_1_mfj,0.0
cbo_feb_2026,2023,tp_bracket_1_mfj,0.0
cbo_feb_2026,2024,tp_bracket_1_mfj,0.0
cbo_feb_2026,2025,tp_bracket_1_mfj,0.0
cbo_feb_2026,2026,tp_bracket_1_mfj,0.0
cbo_feb_2026,2027,tp_bracket_1_mfj,0.0
cbo_feb_2026,2028,tp_bracket_1_mfj,0.0
cbo_feb_2026,2029,tp_bracket_1_mfj,0.0
cbo_feb_2026,2030,tp_bracket_1_mfj,0.0
cbo_feb_2026,2031,tp_bracket_1_mfj,0.0
cbo_feb_2026,2032,tp_bracket_1_mfj,0.0
cbo_feb_2026,2033,tp_bracket_1_mfj,0.0
cbo_feb_2026,2034,tp_bracket_1_mfj,0.0
cbo_feb_2026,2035,tp_bracket_1_mfj,0.0
cbo_feb_2026,2036,tp_bracket_1_mfj,0.0
cbo_feb_2026,2022,tp_bracket_1_mfs,0.0
cbo_feb_2026,2023,tp_bracket_1_mfs,0.0
cbo_feb_2026,2024,tp_bracket_1_mfs,0.0
cbo_feb_2026,2025,tp_bracket_1_mfs,0.0
cbo_feb_2026,2026,tp_bracket_1_mfs,0.0
cbo_feb_2026,2027,tp_bracket_1_mfs,0.0
cbo_feb_2026,2028,tp_bracket_1_mfs,0.0
cbo_feb_2026,2029,tp_bracket_1_mfs,0.0
cbo_feb_2026,2030,tp_bracket_1_mfs,0.0
cbo_feb_2026,2031,tp_bracket_1_mfs,0.0
cbo_feb_2026,2032,tp_bracket_1_mfs,0.0
cbo_feb_2026,2033,tp_bracket_1_mfs,0.0
cbo_feb_2026,2034,tp_bracket_1_mfs,0.0
cbo_feb_2026,2035,tp_bracket_1_mfs,0.0
cbo_feb_2026,2036,tp_bracket_1_mfs,0.0
cbo_feb_2026,2022,tp_bracket_1_single,0.0
cbo_feb_2026,2023,tp_bracket_1_single,0.0
cbo_feb_2026,2024,tp_bracket_1_single,0.0
cbo_feb_2026,2025,tp_bracket_1_single,0.0
cbo_feb_2026,2026,tp_bracket_1_single,0.0
cbo_feb_2026,2027,tp_bracket_1_single,0.0
cbo_feb_2026,2028,tp_bracket_1_single,0.0
cbo_feb_2026,2029,tp_bracket_1_single,0.0
cbo_feb_2026,2030,tp_bracket_1_single,0.0
cbo_feb_2026,2031,tp_bracket_1_single,0.0
cbo_feb_2026,2032,tp_bracket_1_single,0.0
cbo_feb_2026,2033,tp_bracket_1_single,0.0
cbo_feb_2026,2034,tp_bracket_1_single,0.0
cbo_feb_2026,2035,tp_bracket_1_single,0.0
cbo_feb_2026,2036,tp_bracket_1_single,0.0
cbo_feb_2026,2022,tp_bracket_2_hoh,14650.0
cbo_feb_2026,2023,tp_bracket_2_hoh,15700.0
cbo_feb_2026,2024,tp_bracket_2_hoh,16550.0
cbo_feb_2026,2025,tp_bracket_2_hoh,17000.0
cbo_feb_2026,2026,tp_bracket_2_hoh,17700.0
cbo_feb_2026,2027,tp_bracket_2_hoh,18150.0
cbo_feb_2026,2028,tp_bracket_2_hoh,18550.0
cbo_feb_2026,2029,tp_bracket_2_hoh,18950.0
cbo_feb_2026,2030,tp_bracket_2_hoh,19350.0
cbo_feb_2026,2031,tp_bracket_2_hoh,19700.0
cbo_feb_2026,2032,tp_bracket_2_hoh,20100.0
cbo_feb_2026,2033,tp_bracket_2_hoh,20500.0
cbo_feb_2026,2034,tp_bracket_2_hoh,20900.0
cbo_feb_2026,2035,tp_bracket_2_hoh,21300.0
cbo_feb_2026,2036,tp_bracket_2_hoh,21750.0
cbo_feb_2026,2022,tp_bracket_2_mfj,20550.0
cbo_feb_2026,2023,tp_bracket_2_mfj,22000.0
cbo_feb_2026,2024,tp_bracket_2_mfj,23200.0
cbo_feb_2026,2025,tp_bracket_2_mfj,23850.0
cbo_feb_2026,2026,tp_bracket_2_mfj,24800.0
cbo_feb_2026,2027,tp_bracket_2_mfj,25400.0
cbo_feb_2026,2028,tp_bracket_2_mfj,26000.0
cbo_feb_2026,2029,tp_bracket_2_mfj,26550.0
cbo_feb_2026,2030,tp_bracket_2_mfj,27100.0
cbo_feb_2026,2031,tp_bracket_2_mfj,27650.0
cbo_feb_2026,2032,tp_bracket_2_mfj,28200.0
cbo_feb_2026,2033,tp_bracket_2_mfj,28750.0
cbo_feb_2026,2034,tp_bracket_2_mfj,29300.0
cbo_feb_2026,2035,tp_bracket_2_mfj,29900.0
cbo_feb_2026,2036,tp_bracket_2_mfj,30450.0
cbo_feb_2026,2022,tp_bracket_2_mfs,10275.0
cbo_feb_2026,2023,tp_bracket_2_mfs,11000.0
cbo_feb_2026,2024,tp_bracket_2_mfs,11600.0
cbo_feb_2026,2025,tp_bracket_2_mfs,11925.0
cbo_feb_2026,2026,tp_bracket_2_mfs,12400.0
cbo_feb_2026,2027,tp_bracket_2_mfs,12700.0
cbo_feb_2026,2028,tp_bracket_2_mfs,13000.0
cbo_feb_2026,2029,tp_bracket_2_mfs,13275.0
cbo_feb_2026,2030,tp_bracket_2_mfs,13550.0
cbo_feb_2026,2031,tp_bracket_2_mfs,13825.0
cbo_feb_2026,2032,tp_bracket_2_mfs,14100.0
cbo_feb_2026,2033,tp_bracket_2_mfs,14375.0
cbo_feb_2026,2034,tp_bracket_2_mfs,14650.0
cbo_feb_2026,2035,tp_bracket_2_mfs,14950.0
cbo_feb_2026,2036,tp_bracket_2_mfs,15225.0
cbo_feb_2026,2022,tp_bracket_2_single,10275.0
cbo_feb_2026,2023,tp_bracket_2_single,11000.0
cbo_feb_2026,2024,tp_bracket_2_single,11600.0
cbo_feb_2026,2025,tp_bracket_2_single,11925.0
cbo_feb_2026,2026,tp_bracket_2_single,12400.0
cbo_feb_2026,2027,tp_bracket_2_single,12700.0
cbo_feb_2026,2028,tp_bracket_2_single,13000.0
cbo_feb_2026,2029,tp_bracket_2_single,13275.0
cbo_feb_2026,2030,tp_bracket_2_single,13550.0
cbo_feb_2026,2031,tp_bracket_2_single,13825.0
cbo_feb_2026,2032,tp_bracket_2_single,14100.0
cbo_feb_2026,2033,tp_bracket_2_single,14375.0
cbo_feb_2026,2034,tp_bracket_2_single,14650.0
cbo_feb_2026,2035,tp_bracket_2_single,14950.0
cbo_feb_2026,2036,tp_bracket_2_single,15225.0
cbo_feb_2026,2022,tp_bracket_3_hoh,55900.0
cbo_feb_2026,2023,tp_bracket_3_hoh,59850.0
cbo_feb_2026,2024,tp_bracket_3_hoh,63100.0
cbo_feb_2026,2025,tp_bracket_3_hoh,64850.0
cbo_feb_2026,2026,tp_bracket_3_hoh,67450.0
cbo_feb_2026,2027,tp_bracket_3_hoh,69150.0
cbo_feb_2026,2028,tp_bracket_3_hoh,70800.0
cbo_feb_2026,2029,tp_bracket_3_hoh,72250.0
cbo_feb_2026,2030,tp_bracket_3_hoh,73700.0
cbo_feb_2026,2031,tp_bracket_3_hoh,75200.0
cbo_feb_2026,2032,tp_bracket_3_hoh,76650.0
cbo_feb_2026,2033,tp_bracket_3_hoh,78150.0
cbo_feb_2026,2034,tp_bracket_3_hoh,79700.0
cbo_feb_2026,2035,tp_bracket_3_hoh,81300.0
cbo_feb_2026,2036,tp_bracket_3_hoh,82900.0
cbo_feb_2026,2022,tp_bracket_3_mfj,83550.0
cbo_feb_2026,2023,tp_bracket_3_mfj,89450.0
cbo_feb_2026,2024,tp_bracket_3_mfj,94300.0
cbo_feb_2026,2025,tp_bracket_3_mfj,96950.0
cbo_feb_2026,2026,tp_bracket_3_mfj,100800.0
cbo_feb_2026,2027,tp_bracket_3_mfj,103350.0
cbo_feb_2026,2028,tp_bracket_3_mfj,105750.0
cbo_feb_2026,2029,tp_bracket_3_mfj,108000.0
cbo_feb_2026,2030,tp_bracket_3_mfj,110150.0
cbo_feb_2026,2031,tp_bracket_3_mfj,112350.0
cbo_feb_2026,2032,tp_bracket_3_mfj,114550.0
cbo_feb_2026,2033,tp_bracket_3_mfj,116800.0
cbo_feb_2026,2034,tp_bracket_3_mfj,119100.0
cbo_feb_2026,2035,tp_bracket_3_mfj,121450.0
cbo_feb_2026,2036,tp_bracket_3_mfj,123850.0
cbo_feb_2026,2022,tp_bracket_3_mfs,41775.0
cbo_feb_2026,2023,tp_bracket_3_mfs,44725.0
cbo_feb_2026,2024,tp_bracket_3_mfs,47150.0
cbo_feb_2026,2025,tp_bracket_3_mfs,48475.0
cbo_feb_2026,2026,tp_bracket_3_mfs,50400.0
cbo_feb_2026,2027,tp_bracket_3_mfs,51675.0
cbo_feb_2026,2028,tp_bracket_3_mfs,52875.0
cbo_feb_2026,2029,tp_bracket_3_mfs,54000.0
cbo_feb_2026,2030,tp_bracket_3_mfs,55075.0
cbo_feb_2026,2031,tp_bracket_3_mfs,56175.0
cbo_feb_2026,2032,tp_bracket_3_mfs,57275.0
cbo_feb_2026,2033,tp_bracket_3_mfs,58400.0
cbo_feb_2026,2034,tp_bracket_3_mfs,59550.0
cbo_feb_2026,2035,tp_bracket_3_mfs,60725.0
cbo_feb_2026,2036,tp_bracket_3_mfs,61925.0
cbo_feb_2026,2022,tp_bracket_3_single,41775.0
cbo_feb_2026,2023,tp_bracket_3_single,44725.0
cbo_feb_2026,2024,tp_bracket_3_single,47150.0
cbo_feb_2026,2025,tp_bracket_3_single,48475.0
cbo_feb_2026,2026,tp_bracket_3_single,50400.0
cbo_feb_2026,2027,tp_bracket_3_single,51675.0
cbo_feb_2026,2028,tp_bracket_3_single,52875.0
cbo_feb_2026,2029,tp_bracket_3_single,54000.0
cbo_feb_2026,2030,tp_bracket_3_single,55075.0
cbo_feb_2026,2031,tp_bracket_3_single,56175.0
cbo_feb_2026,2032,tp_bracket_3_single,57275.0
cbo_feb_2026,2033,tp_bracket_3_single,58400.0
cbo_feb_2026,2034,tp_bracket_3_single,59550.0
cbo_feb_2026,2035,tp_bracket_3_single,60725.0
cbo_feb_2026,2036,tp_bracket_3_single,61925.0
cbo_feb_2026,2022,tp_bracket_4_hoh,89050.0
cbo_feb_2026,2023,tp_bracket_4_hoh,95350.0
cbo_feb_2026,2024,tp_bracket_4_hoh,100500.0
cbo_feb_2026,2025,tp_bracket_4_hoh,103350.0
cbo_feb_2026,2026,tp_bracket_4_hoh,105700.0
cbo_feb_2026,2027,tp_bracket_4_hoh,108400.0
cbo_feb_2026,2028,tp_bracket_4_hoh,110900.0
cbo_feb_2026,2029,tp_bracket_4_hoh,113250.0
cbo_feb_2026,2030,tp_bracket_4_hoh,115500.0
cbo_feb_2026,2031,tp_bracket_4_hoh,117800.0
cbo_feb_2026,2032,tp_bracket_4_hoh,120150.0
cbo_feb_2026,2033,tp_bracket_4_hoh,122500.0
cbo_feb_2026,2034,tp_bracket_4_hoh,124900.0
cbo_feb_2026,2035,tp_bracket_4_hoh,127350.0
cbo_feb_2026,2036,tp_bracket_4_hoh,129900.0
cbo_feb_2026,2022,tp_bracket_4_mfj,178150.0
cbo_feb_2026,2023,tp_bracket_4_mfj,190750.0
cbo_feb_2026,2024,tp_bracket_4_mfj,201050.0
cbo_feb_2026,2025,tp_bracket_4_mfj,206700.0
cbo_feb_2026,2026,tp_bracket_4_mfj,211400.0
cbo_feb_2026,2027,tp_bracket_4_mfj,216800.0
cbo_feb_2026,2028,tp_bracket_4_mfj,221850.0
cbo_feb_2026,2029,tp_bracket_4_mfj,226500.0
cbo_feb_2026,2030,tp_bracket_4_mfj,231050.0
cbo_feb_2026,2031,tp_bracket_4_mfj,235650.0
cbo_feb_2026,2032,tp_bracket_4_mfj,240300.0
cbo_feb_2026,2033,tp_bracket_4_mfj,245000.0
cbo_feb_2026,2034,tp_bracket_4_mfj,249850.0
cbo_feb_2026,2035,tp_bracket_4_mfj,254750.0
cbo_feb_2026,2036,tp_bracket_4_mfj,259800.0
cbo_feb_2026,2022,tp_bracket_4_mfs,89075.0
cbo_feb_2026,2023,tp_bracket_4_mfs,95375.0
cbo_feb_2026,2024,tp_bracket_4_mfs,100525.0
cbo_feb_2026,2025,tp_bracket_4_mfs,103350.0
cbo_feb_2026,2026,tp_bracket_4_mfs,105700.0
cbo_feb_2026,2027,tp_bracket_4_mfs,108400.0
cbo_feb_2026,2028,tp_bracket_4_mfs,110925.0
cbo_feb_2026,2029,tp_bracket_4_mfs,113250.0
cbo_feb_2026,2030,tp_bracket_4_mfs,115525.0
cbo_feb_2026,2031,tp_bracket_4_mfs,117825.0
cbo_feb_2026,2032,tp_bracket_4_mfs,120150.0
cbo_feb_2026,2033,tp_bracket_4_mfs,122500.0
cbo_feb_2026,2034,tp_bracket_4_mfs,124925.0
cbo_feb_2026,2035,tp_bracket_4_mfs,127375.0
cbo_feb_2026,2036,tp_bracket_4_mfs,129900.0
cbo_feb_2026,2022,tp_bracket_4_single,89075.0
cbo_feb_2026,2023,tp_bracket_4_single,95375.0
cbo_feb_2026,2024,tp_bracket_4_single,100525.0
cbo_feb_2026,2025,tp_bracket_4_single,103350.0
cbo_feb_2026,2026,tp_bracket_4_single,105700.0
cbo_feb_2026,2027,tp_bracket_4_single,108400.0
cbo_feb_2026,2028,tp_bracket_4_single,110925.0
cbo_feb_2026,2029,tp_bracket_4_single,113250.0
cbo_feb_2026,2030,tp_bracket_4_single,115525.0
cbo_feb_2026,2031,tp_bracket_4_single,117825.0
cbo_feb_2026,2032,tp_bracket_4_single,120150.0
cbo_feb_2026,2033,tp_bracket_4_single,122500.0
cbo_feb_2026,2034,tp_bracket_4_single,124925.0
cbo_feb_2026,2035,tp_bracket_4_single,127375.0
cbo_feb_2026,2036,tp_bracket_4_single,129900.0
cbo_feb_2026,2022,tp_bracket_5_hoh,170050.0
cbo_feb_2026,2023,tp_bracket_5_hoh,182100.0
cbo_feb_2026,2024,tp_bracket_5_hoh,191950.0
cbo_feb_2026,2025,tp_bracket_5_hoh,197300.0
cbo_feb_2026,2026,tp_bracket_5_hoh,201750.0
cbo_feb_2026,2027,tp_bracket_5_hoh,206950.0
cbo_feb_2026,2028,tp_bracket_5_hoh,211750.0
cbo_feb_2026,2029,tp_bracket_5_hoh,216200.0
cbo_feb_2026,2030,tp_bracket_5_hoh,220550.0
cbo_feb_2026,2031,tp_bracket_5_hoh,224950.0
cbo_feb_2026,2032,tp_bracket_5_hoh,229350.0
cbo_feb_2026,2033,tp_bracket_5_hoh,233900.0
cbo_feb_2026,2034,tp_bracket_5_hoh,238500.0
cbo_feb_2026,2035,tp_bracket_5_hoh,243200.0
cbo_feb_2026,2036,tp_bracket_5_hoh,248000.0
cbo_feb_2026,2022,tp_bracket_5_mfj,340100.0
cbo_feb_2026,2023,tp_bracket_5_mfj,364200.0
cbo_feb_2026,2024,tp_bracket_5_mfj,383900.0
cbo_feb_2026,2025,tp_bracket_5_mfj,394600.0
cbo_feb_2026,2026,tp_bracket_5_mfj,403550.0
cbo_feb_2026,2027,tp_bracket_5_mfj,413900.0
cbo_feb_2026,2028,tp_bracket_5_mfj,423550.0
cbo_feb_2026,2029,tp_bracket_5_mfj,432400.0
cbo_feb_2026,2030,tp_bracket_5_mfj,441150.0
cbo_feb_2026,2031,tp_bracket_5_mfj,449900.0
cbo_feb_2026,2032,tp_bracket_5_mfj,458750.0
cbo_feb_2026,2033,tp_bracket_5_mfj,467800.0
cbo_feb_2026,2034,tp_bracket_5_mfj,477000.0
cbo_feb_2026,2035,tp_bracket_5_mfj,486400.0
cbo_feb_2026,2036,tp_bracket_5_mfj,496000.0
cbo_feb_2026,2022,tp_bracket_5_mfs,170050.0
cbo_feb_2026,2023,tp_bracket_5_mfs,182100.0
cbo_feb_2026,2024,tp_bracket_5_mfs,191950.0
cbo_feb_2026,2025,tp_bracket_5_mfs,197300.0
cbo_feb_2026,2026,tp_bracket_5_mfs,201775.0
cbo_feb_2026,2027,tp_bracket_5_mfs,206950.0
cbo_feb_2026,2028,tp_bracket_5_mfs,211775.0
cbo_feb_2026,2029,tp_bracket_5_mfs,216200.0
cbo_feb_2026,2030,tp_bracket_5_mfs,220575.0
cbo_feb_2026,2031,tp_bracket_5_mfs,224950.0
cbo_feb_2026,2032,tp_bracket_5_mfs,229375.0
cbo_feb_2026,2033,tp_bracket_5_mfs,233900.0
cbo_feb_2026,2034,tp_bracket_5_mfs,238500.0
cbo_feb_2026,2035,tp_bracket_5_mfs,243200.0
cbo_feb_2026,2036,tp_bracket_5_mfs,248000.0
cbo_feb_2026,2022,tp_bracket_5_single,170050.0
cbo_feb_2026,2023,tp_bracket_5_single,182100.0
cbo_feb_2026,2024,tp_bracket_5_single,191950.0
cbo_feb_2026,2025,tp_bracket_5_single,197300.0
cbo_feb_2026,2026,tp_bracket_5_single,201775.0
cbo_feb_2026,2027,tp_bracket_5_single,206950.0
cbo_feb_2026,2028,tp_bracket_5_single,211775.0
cbo_feb_2026,2029,tp_bracket_5_single,216200.0
cbo_feb_2026,2030,tp_bracket_5_single,220575.0
cbo_feb_2026,2031,tp_bracket_5_single,224950.0
cbo_feb_2026,2032,tp_bracket_5_single,229375.0
cbo_feb_2026,2033,tp_bracket_5_single,233900.0
cbo_feb_2026,2034,tp_bracket_5_single,238500.0
cbo_feb_2026,2035,tp_bracket_5_single,243200.0
cbo_feb_2026,2036,tp_bracket_5_single,248000.0
cbo_feb_2026,2022,tp_bracket_6_hoh,215950.0
cbo_feb_2026,2023,tp_bracket_6_hoh,231250.0
cbo_feb_2026,2024,tp_bracket_6_hoh,243700.0
cbo_feb_2026,2025,tp_bracket_6_hoh,250500.0
cbo_feb_2026,2026,tp_bracket_6_hoh,256200.0
cbo_feb_2026,2027,tp_bracket_6_hoh,262800.0
cbo_feb_2026,2028,tp_bracket_6_hoh,268900.0
cbo_feb_2026,2029,tp_bracket_6_hoh,274550.0
cbo_feb_2026,2030,tp_bracket_6_hoh,280050.0
cbo_feb_2026,2031,tp_bracket_6_hoh,285650.0
cbo_feb_2026,2032,tp_bracket_6_hoh,291250.0
cbo_feb_2026,2033,tp_bracket_6_hoh,297000.0
cbo_feb_2026,2034,tp_bracket_6_hoh,302850.0
cbo_feb_2026,2035,tp_bracket_6_hoh,308800.0
cbo_feb_2026,2036,tp_bracket_6_hoh,314900.0
cbo_feb_2026,2022,tp_bracket_6_mfj,431900.0
cbo_feb_2026,2023,tp_bracket_6_mfj,462500.0
cbo_feb_2026,2024,tp_bracket_6_mfj,487450.0
cbo_feb_2026,2025,tp_bracket_6_mfj,501050.0
cbo_feb_2026,2026,tp_bracket_6_mfj,512450.0
cbo_feb_2026,2027,tp_bracket_6_mfj,525600.0
cbo_feb_2026,2028,tp_bracket_6_mfj,537850.0
cbo_feb_2026,2029,tp_bracket_6_mfj,549100.0
cbo_feb_2026,2030,tp_bracket_6_mfj,560150.0
cbo_feb_2026,2031,tp_bracket_6_mfj,571300.0
cbo_feb_2026,2032,tp_bracket_6_mfj,582550.0
cbo_feb_2026,2033,tp_bracket_6_mfj,594050.0
cbo_feb_2026,2034,tp_bracket_6_mfj,605750.0
cbo_feb_2026,2035,tp_bracket_6_mfj,617650.0
cbo_feb_2026,2036,tp_bracket_6_mfj,629850.0
cbo_feb_2026,2022,tp_bracket_6_mfs,215950.0
cbo_feb_2026,2023,tp_bracket_6_mfs,231250.0
cbo_feb_2026,2024,tp_bracket_6_mfs,243725.0
cbo_feb_2026,2025,tp_bracket_6_mfs,250525.0
cbo_feb_2026,2026,tp_bracket_6_mfs,256225.0
cbo_feb_2026,2027,tp_bracket_6_mfs,262800.0
cbo_feb_2026,2028,tp_bracket_6_mfs,268925.0
cbo_feb_2026,2029,tp_bracket_6_mfs,274550.0
cbo_feb_2026,2030,tp_bracket_6_mfs,280075.0
cbo_feb_2026,2031,tp_bracket_6_mfs,285650.0
cbo_feb_2026,2032,tp_bracket_6_mfs,291275.0
cbo_feb_2026,2033,tp_bracket_6_mfs,297025.0
cbo_feb_2026,2034,tp_bracket_6_mfs,302875.0
cbo_feb_2026,2035,tp_bracket_6_mfs,308825.0
cbo_feb_2026,2036,tp_bracket_6_mfs,314925.0
cbo_feb_2026,2022,tp_bracket_6_single,215950.0
cbo_feb_2026,2023,tp_bracket_6_single,231250.0
cbo_feb_2026,2024,tp_bracket_6_single,243725.0
cbo_feb_2026,2025,tp_bracket_6_single,250525.0
cbo_feb_2026,2026,tp_bracket_6_single,256225.0
cbo_feb_2026,2027,tp_bracket_6_single,262800.0
cbo_feb_2026,2028,tp_bracket_6_single,268925.0
cbo_feb_2026,2029,tp_bracket_6_single,274550.0
cbo_feb_2026,2030,tp_bracket_6_single,280075.0
cbo_feb_2026,2031,tp_bracket_6_single,285650.0
cbo_feb_2026,2032,tp_bracket_6_single,291275.0
cbo_feb_2026,2033,tp_bracket_6_single,297025.0
cbo_feb_2026,2034,tp_bracket_6_single,302875.0
cbo_feb_2026,2035,tp_bracket_6_single,308825.0
cbo_feb_2026,2036,tp_bracket_6_single,314925.0
cbo_feb_2026,2022,tp_bracket_7_hoh,539900.0
cbo_feb_2026,2023,tp_bracket_7_hoh,578100.0
cbo_feb_2026,2024,tp_bracket_7_hoh,609350.0
cbo_feb_2026,2025,tp_bracket_7_hoh,626350.0
cbo_feb_2026,2026,tp_bracket_7_hoh,640600.0
cbo_feb_2026,2027,tp_bracket_7_hoh,657000.0
cbo_feb_2026,2028,tp_bracket_7_hoh,672300.0
cbo_feb_2026,2029,tp_bracket_7_hoh,686400.0
cbo_feb_2026,2030,tp_bracket_7_hoh,700200.0
cbo_feb_2026,2031,tp_bracket_7_hoh,714100.0
cbo_feb_2026,2032,tp_bracket_7_hoh,728200.0
cbo_feb_2026,2033,tp_bracket_7_hoh,742550.0
cbo_feb_2026,2034,tp_bracket_7_hoh,757200.0
cbo_feb_2026,2035,tp_bracket_7_hoh,772100.0
cbo_feb_2026,2036,tp_bracket_7_hoh,787300.0
cbo_feb_2026,2022,tp_bracket_7_mfj,647850.0
cbo_feb_2026,2023,tp_bracket_7_mfj,693750.0
cbo_feb_2026,2024,tp_bracket_7_mfj,731200.0
cbo_feb_2026,2025,tp_bracket_7_mfj,751600.0
cbo_feb_2026,2026,tp_bracket_7_mfj,768700.0
cbo_feb_2026,2027,tp_bracket_7_mfj,788400.0
cbo_feb_2026,2028,tp_bracket_7_mfj,806750.0
cbo_feb_2026,2029,tp_bracket_7_mfj,823650.0
cbo_feb_2026,2030,tp_bracket_7_mfj,840250.0
cbo_feb_2026,2031,tp_bracket_7_mfj,856950.0
cbo_feb_2026,2032,tp_bracket_7_mfj,873850.0
cbo_feb_2026,2033,tp_bracket_7_mfj,891050.0
cbo_feb_2026,2034,tp_bracket_7_mfj,908600.0
cbo_feb_2026,2035,tp_bracket_7_mfj,926500.0
cbo_feb_2026,2036,tp_bracket_7_mfj,944800.0
cbo_feb_2026,2022,tp_bracket_7_mfs,323925.0
cbo_feb_2026,2023,tp_bracket_7_mfs,346875.0
cbo_feb_2026,2024,tp_bracket_7_mfs,365600.0
cbo_feb_2026,2025,tp_bracket_7_mfs,375800.0
cbo_feb_2026,2026,tp_bracket_7_mfs,384350.0
cbo_feb_2026,2027,tp_bracket_7_mfs,394200.0
cbo_feb_2026,2028,tp_bracket_7_mfs,403375.0
cbo_feb_2026,2029,tp_bracket_7_mfs,411825.0
cbo_feb_2026,2030,tp_bracket_7_mfs,420125.0
cbo_feb_2026,2031,tp_bracket_7_mfs,428475.0
cbo_feb_2026,2032,tp_bracket_7_mfs,436925.0
cbo_feb_2026,2033,tp_bracket_7_mfs,445525.0
cbo_feb_2026,2034,tp_bracket_7_mfs,454300.0
cbo_feb_2026,2035,tp_bracket_7_mfs,463250.0
cbo_feb_2026,2036,tp_bracket_7_mfs,472400.0
cbo_feb_2026,2022,tp_bracket_7_single,539900.0
cbo_feb_2026,2023,tp_bracket_7_single,578125.0
cbo_feb_2026,2024,tp_bracket_7_single,609350.0
cbo_feb_2026,2025,tp_bracket_7_single,626350.0
cbo_feb_2026,2026,tp_bracket_7_single,640600.0
cbo_feb_2026,2027,tp_bracket_7_single,657025.0
cbo_feb_2026,2028,tp_bracket_7_single,672325.0
cbo_feb_2026,2029,tp_bracket_7_single,686400.0
cbo_feb_2026,2030,tp_bracket_7_single,700225.0
cbo_feb_2026,2031,tp_bracket_7_single,714125.0
cbo_feb_2026,2032,tp_bracket_7_single,728225.0
cbo_feb_2026,2033,tp_bracket_7_single,742550.0
cbo_feb_2026,2034,tp_bracket_7_single,757200.0
cbo_feb_2026,2035,tp_bracket_7_single,772100.0
cbo_feb_2026,2036,tp_bracket_7_single,787325.0
cbo_feb_2026,2022,tp_c_cpi_u,149.064
cbo_feb_2026,2023,tp_c_cpi_u,159.879
cbo_feb_2026,2024,tp_c_cpi_u,168.317
cbo_feb_2026,2025,tp_c_cpi_u,173.016
cbo_feb_2026,2026,tp_c_cpi_u,177.114
cbo_feb_2026,2027,tp_c_cpi_u,181.654
cbo_feb_2026,2028,tp_c_cpi_u,185.881
cbo_feb_2026,2029,tp_c_cpi_u,189.775
cbo_feb_2026,2030,tp_c_cpi_u,193.6
cbo_feb_2026,2031,tp_c_cpi_u,197.44
cbo_feb_2026,2032,tp_c_cpi_u,201.335
cbo_feb_2026,2033,tp_c_cpi_u,205.302
cbo_feb_2026,2034,tp_c_cpi_u,209.346
cbo_feb_2026,2035,tp_c_cpi_u,213.471
cbo_feb_2026,2036,tp_c_cpi_u,217.68
cbo_feb_2026,2022,tp_cpi_u,265.447
cbo_feb_2026,2023,tp_cpi_u,285.848
cbo_feb_2026,2024,tp_cpi_u,301.374
cbo_feb_2026,2025,tp_cpi_u,310.955
cbo_feb_2026,2026,tp_cpi_u,319.205
cbo_feb_2026,2027,tp_cpi_u,328.701
cbo_feb_2026,2028,tp_cpi_u,337.382
cbo_feb_2026,2029,tp_cpi_u,345.443
cbo_feb_2026,2030,tp_cpi_u,353.398
cbo_feb_2026,2031,tp_cpi_u,361.404
cbo_feb_2026,2032,tp_cpi_u,369.57
cbo_feb_2026,2033,tp_cpi_u,377.913
cbo_feb_2026,2034,tp_cpi_u,386.443
cbo_feb_2026,2035,tp_cpi_u,395.162
cbo_feb_2026,2036,tp_cpi_u,404.081
cbo_feb_2026,2022,tp_ctc_max_refundable,1500.0
cbo_feb_2026,2023,tp_ctc_max_refundable,1600.0
cbo_feb_2026,2024,tp_ctc_max_refundable,1700.0
cbo_feb_2026,2025,tp_ctc_max_refundable,1700.0
cbo_feb_2026,2026,tp_ctc_max_refundable,1700.0
cbo_feb_2026,2027,tp_ctc_max_refundable,1800.0
cbo_feb_2026,2028,tp_ctc_max_refundable,1800.0
cbo_feb_2026,2029,tp_ctc_max_refundable,1900.0
cbo_feb_2026,2030,tp_ctc_max_refundable,1900.0
cbo_feb_2026,2031,tp_ctc_max_refundable,1900.0
cbo_feb_2026,2032,tp_ctc_max_refundable,2000.0
cbo_feb_2026,2033,tp_ctc_max_refundable,2000.0
cbo_feb_2026,2034,tp_ctc_max_refundable,2100.0
cbo_feb_2026,2035,tp_ctc_max_refundable,2100.0
cbo_feb_2026,2036,tp_ctc_max_refundable,2200.0
cbo_feb_2026,2022,tp_ctc_per_child,2000.0
cbo_feb_2026,2023,tp_ctc_per_child,2000.0
cbo_feb_2026,2024,tp_ctc_per_child,2000.0
cbo_feb_2026,2025,tp_ctc_per_child,2200.0
cbo_feb_2026,2026,tp_ctc_per_child,2200.0
cbo_feb_2026,2027,tp_ctc_per_child,2300.0
cbo_feb_2026,2028,tp_ctc_per_child,2300.0
cbo_feb_2026,2029,tp_ctc_per_child,2400.0
cbo_feb_2026,2030,tp_ctc_per_child,2400.0
cbo_feb_2026,2031,tp_ctc_per_child,2500.0
cbo_feb_2026,2032,tp_ctc_per_child,2500.0
cbo_feb_2026,2033,tp_ctc_per_child,2600.0
cbo_feb_2026,2034,tp_ctc_per_child,2600.0
cbo_feb_2026,2035,tp_ctc_per_child,2700.0
cbo_feb_2026,2036,tp_ctc_per_child,2700.0
cbo_feb_2026,2022,tp_ctc_per_other_dependent,500.0
cbo_feb_2026,2023,tp_ctc_per_other_dependent,500.0
cbo_feb_2026,2024,tp_ctc_per_other_dependent,500.0
cbo_feb_2026,2025,tp_ctc_per_other_dependent,500.0
cbo_feb_2026,2026,tp_ctc_per_other_dependent,500.0
cbo_feb_2026,2027,tp_ctc_per_other_dependent,500.0
cbo_feb_2026,2028,tp_ctc_per_other_dependent,500.0
cbo_feb_2026,2029,tp_ctc_per_other_dependent,500.0
cbo_feb_2026,2030,tp_ctc_per_other_dependent,500.0
cbo_feb_2026,2031,tp_ctc_per_other_dependent,500.0
cbo_feb_2026,2032,tp_ctc_per_other_dependent,500.0
cbo_feb_2026,2033,tp_ctc_per_other_dependent,500.0
cbo_feb_2026,2034,tp_ctc_per_other_dependent,500.0
cbo_feb_2026,2035,tp_ctc_per_other_dependent,500.0
cbo_feb_2026,2036,tp_ctc_per_other_dependent,500.0
cbo_feb_2026,2022,tp_ctc_refund_rate,15.0
cbo_feb_2026,2023,tp_ctc_refund_rate,15.0
cbo_feb_2026,2024,tp_ctc_refund_rate,15.0
cbo_feb_2026,2025,tp_ctc_refund_rate,15.0
cbo_feb_2026,2026,tp_ctc_refund_rate,15.0
cbo_feb_2026,2027,tp_ctc_refund_rate,15.0
cbo_feb_2026,2028,tp_ctc_refund_rate,15.0
cbo_feb_2026,2029,tp_ctc_refund_rate,15.0
cbo_feb_2026,2030,tp_ctc_refund_rate,15.0
cbo_feb_2026,2031,tp_ctc_refund_rate,15.0
cbo_feb_2026,2032,tp_ctc_refund_rate,15.0
cbo_feb_2026,2033,tp_ctc_refund_rate,15.0
cbo_feb_2026,2034,tp_ctc_refund_rate,15.0
cbo_feb_2026,2035,tp_ctc_refund_rate,15.0
cbo_feb_2026,2036,tp_ctc_refund_rate,15.0
cbo_feb_2026,2022,tp_ctc_refund_threshold,2500.0
cbo_feb_2026,2023,tp_ctc_refund_threshold,2500.0
cbo_feb_2026,2024,tp_ctc_refund_threshold,2500.0
cbo_feb_2026,2025,tp_ctc_refund_threshold,2500.0
cbo_feb_2026,2026,tp_ctc_refund_threshold,2500.0
cbo_feb_2026,2027,tp_ctc_refund_threshold,2500.0
cbo_feb_2026,2028,tp_ctc_refund_threshold,2500.0
cbo_feb_2026,2029,tp_ctc_refund_threshold,2500.0
cbo_feb_2026,2030,tp_ctc_refund_threshold,2500.0
cbo_feb_2026,2031,tp_ctc_refund_threshold,2500.0
cbo_feb_2026,2032,tp_ctc_refund_threshold,2500.0
cbo_feb_2026,2033,tp_ctc_refund_threshold,2500.0
cbo_feb_2026,2034,tp_ctc_refund_threshold,2500.0
cbo_feb_2026,2035,tp_ctc_refund_threshold,2500.0
cbo_feb_2026,2036,tp_ctc_refund_threshold,2500.0
cbo_feb_2026,2025,tp_delta_emtr_capital_business,-4.68
cbo_feb_2026,2026,tp_delta_emtr_capital_business,-6.950000000000001
cbo_feb_2026,2027,tp_delta_emtr_capital_business,-7.3100000000000005
cbo_feb_2026,2028,tp_delta_emtr_capital_business,-7.25
cbo_feb_2026,2029,tp_delta_emtr_capital_business,-5.529999999999998
cbo_feb_2026,2030,tp_delta_emtr_capital_business,-5.510000000000002
cbo_feb_2026,2031,tp_delta_emtr_capital_business,-5.650000000000002
cbo_feb_2026,2032,tp_delta_emtr_capital_business,-5.52
cbo_feb_2026,2033,tp_delta_emtr_capital_business,-5.670000000000002
cbo_feb_2026,2034,tp_delta_emtr_capital_business,-5.59
cbo_feb_2026,2035,tp_delta_emtr_capital_business,-5.549999999999997
cbo_feb_2026,2025,tp_delta_emtr_capital_business_c_corp,-5.370000000000001
cbo_feb_2026,2026,tp_delta_emtr_capital_business_c_corp,-6.16
cbo_feb_2026,2027,tp_delta_emtr_capital_business_c_corp,-6.4300000000000015
cbo_feb_2026,2028,tp_delta_emtr_capital_business_c_corp,-6.329999999999998
cbo_feb_2026,2029,tp_delta_emtr_capital_business_c_corp,-4.490000000000002
cbo_feb_2026,2030,tp_delta_emtr_capital_business_c_corp,-4.539999999999999
cbo_feb_2026,2031,tp_delta_emtr_capital_business_c_corp,-4.580000000000002
cbo_feb_2026,2032,tp_delta_emtr_capital_business_c_corp,-4.42
cbo_feb_2026,2033,tp_delta_emtr_capital_business_c_corp,-4.610000000000001
cbo_feb_2026,2034,tp_delta_emtr_capital_business_c_corp,-4.479999999999999
cbo_feb_2026,2035,tp_delta_emtr_capital_business_c_corp,-4.459999999999999
cbo_feb_2026,2025,tp_delta_emtr_capital_business_debt,-6.88
cbo_feb_2026,2026,tp_delta_emtr_capital_business_debt,-6.56
cbo_feb_2026,2027,tp_delta_emtr_capital_business_debt,-7.01
cbo_feb_2026,2028,tp_delta_emtr_capital_business_debt,-6.72
cbo_feb_2026,2029,tp_delta_emtr_capital_business_debt,-4.960000000000001
cbo_feb_2026,2030,tp_delta_emtr_capital_business_debt,-5.08
cbo_feb_2026,2031,tp_delta_emtr_capital_business_debt,-5.15
cbo_feb_2026,2032,tp_delta_emtr_capital_business_debt,-4.75
cbo_feb_2026,2033,tp_delta_emtr_capital_business_debt,-5.07
cbo_feb_2026,2034,tp_delta_emtr_capital_business_debt,-4.700000000000001
cbo_feb_2026,2035,tp_delta_emtr_capital_business_debt,-4.6899999999999995
cbo_feb_2026,2025,tp_delta_emtr_capital_business_equipment,-8.43
cbo_feb_2026,2026,tp_delta_emtr_capital_business_equipment,-11.86
cbo_feb_2026,2027,tp_delta_emtr_capital_business_equipment,-13.479999999999999
cbo_feb_2026,2028,tp_delta_emtr_capital_business_equipment,-13.36
cbo_feb_2026,2029,tp_delta_emtr_capital_business_equipment,-13.309999999999999
cbo_feb_2026,2030,tp_delta_emtr_capital_business_equipment,-13.33
cbo_feb_2026,2031,tp_delta_emtr_capital_business_equipment,-13.37
cbo_feb_2026,2032,tp_delta_emtr_capital_business_equipment,-13.240000000000002
cbo_feb_2026,2033,tp_delta_emtr_capital_business_equipment,-13.389999999999999
cbo_feb_2026,2034,tp_delta_emtr_capital_business_equipment,-13.310000000000002
cbo_feb_2026,2035,tp_delta_emtr_capital_business_equipment,-13.299999999999997
cbo_feb_2026,2025,tp_delta_emtr_capital_business_equity,-4.25
cbo_feb_2026,2026,tp_delta_emtr_capital_business_equity,-6.890000000000001
cbo_feb_2026,2027,tp_delta_emtr_capital_business_equity,-7.23
cbo_feb_2026,2028,tp_delta_emtr_capital_business_equity,-7.210000000000001
cbo_feb_2026,2029,tp_delta_emtr_capital_business_equity,-5.52
cbo_feb_2026,2030,tp_delta_emtr_capital_business_equity,-5.48
cbo_feb_2026,2031,tp_delta_emtr_capital_business_equity,-5.630000000000003
cbo_feb_2026,2032,tp_delta_emtr_capital_business_equity,-5.550000000000001
cbo_feb_2026,2033,tp_delta_emtr_capital_business_equity,-5.68
cbo_feb_2026,2034,tp_delta_emtr_capital_business_equity,-5.640000000000001
cbo_feb_2026,2035,tp_delta_emtr_capital_business_equity,-5.600000000000001
cbo_feb_2026,2025,tp_delta_emtr_capital_business_incl_land,-3.5599999999999987
cbo_feb_2026,2026,tp_delta_emtr_capital_business_incl_land,-6.109999999999999
cbo_feb_2026,2027,tp_delta_emtr_capital_business_incl_land,-6.400000000000002
cbo_feb_2026,2028,tp_delta_emtr_capital_business_incl_land,-6.350000000000001
cbo_feb_2026,2029,tp_delta_emtr_capital_business_incl_land,-5.030000000000001
cbo_feb_2026,2030,tp_delta_emtr_capital_business_incl_land,-4.990000000000002
cbo_feb_2026,2031,tp_delta_emtr_capital_business_incl_land,-5.16
cbo_feb_2026,2032,tp_delta_emtr_capital_business_incl_land,-5.040000000000003
cbo_feb_2026,2033,tp_delta_emtr_capital_business_incl_land,-5.18
cbo_feb_2026,2034,tp_delta_emtr_capital_business_incl_land,-5.100000000000001
cbo_feb_2026,2035,tp_delta_emtr_capital_business_incl_land,-5.07
cbo_feb_2026,2025,tp_delta_emtr_capital_business_inventories,-0.2699999999999996
cbo_feb_2026,2026,tp_delta_emtr_capital_business_inventories,-2.830000000000002
cbo_feb_2026,2027,tp_delta_emtr_capital_business_inventories,-2.849999999999998
cbo_feb_2026,2028,tp_delta_emtr_capital_business_inventories,-2.8799999999999955
cbo_feb_2026,2029,tp_delta_emtr_capital_business_inventories,-2.7300000000000004
cbo_feb_2026,2030,tp_delta_emtr_capital_business_inventories,-2.6300000000000026
cbo_feb_2026,2031,tp_delta_emtr_capital_business_inventories,-2.8299999999999983
cbo_feb_2026,2032,tp_delta_emtr_capital_business_inventories,-2.759999999999998
cbo_feb_2026,2033,tp_delta_emtr_capital_business_inventories,-2.8599999999999994
cbo_feb_2026,2034,tp_delta_emtr_capital_business_inventories,-2.8200000000000003
cbo_feb_2026,2035,tp_delta_emtr_capital_business_inventories,-2.780000000000001
cbo_feb_2026,2025,tp_delta_emtr_capital_business_land,-0.28999999999999915
cbo_feb_2026,2026,tp_delta_emtr_capital_business_land,-3.6300000000000026
cbo_feb_2026,2027,tp_delta_emtr_capital_business_land,-3.66
cbo_feb_2026,2028,tp_delta_emtr_capital_business_land,-3.6799999999999997
cbo_feb_2026,2029,tp_delta_emtr_capital_business_land,-3.5
cbo_feb_2026,2030,tp_delta_emtr_capital_business_land,-3.3900000000000006
cbo_feb_2026,2031,tp_delta_emtr_capital_business_land,-3.6499999999999986
cbo_feb_2026,2032,tp_delta_emtr_capital_business_land,-3.5799999999999983
cbo_feb_2026,2033,tp_delta_emtr_capital_business_land,-3.6799999999999997
cbo_feb_2026,2034,tp_delta_emtr_capital_business_land,-3.6300000000000026
cbo_feb_2026,2035,tp_delta_emtr_capital_business_land,-3.580000000000002
cbo_feb_2026,2025,tp_delta_emtr_capital_business_other_ip,-7.24
cbo_feb_2026,2026,tp_delta_emtr_capital_business_other_ip,-9.889999999999999
cbo_feb_2026,2027,tp_delta_emtr_capital_business_other_ip,-11.780000000000001
cbo_feb_2026,2028,tp_delta_emtr_capital_business_other_ip,-11.71
cbo_feb_2026,2029,tp_delta_emtr_capital_business_other_ip,-11.65
cbo_feb_2026,2030,tp_delta_emtr_capital_business_other_ip,-11.649999999999999
cbo_feb_2026,2031,tp_delta_emtr_capital_business_other_ip,-11.7
cbo_feb_2026,2032,tp_delta_emtr_capital_business_other_ip,-11.579999999999998
cbo_feb_2026,2033,tp_delta_emtr_capital_business_other_ip,-11.729999999999997
cbo_feb_2026,2034,tp_delta_emtr_capital_business_other_ip,-11.64
cbo_feb_2026,2035,tp_delta_emtr_capital_business_other_ip,-11.620000000000001
cbo_feb_2026,2025,tp_delta_emtr_capital_business_passthrough,-3.219999999999999
cbo_feb_2026,2026,tp_delta_emtr_capital_business_passthrough,-8.489999999999998
cbo_feb_2026,2027,tp_delta_emtr_capital_business_passthrough,-9.07
cbo_feb_2026,2028,tp_delta_emtr_capital_business_passthrough,-9.09
cbo_feb_2026,2029,tp_delta_emtr_capital_business_passthrough,-7.649999999999999
cbo_feb_2026,2030,tp_delta_emtr_capital_business_passthrough,-7.490000000000002
cbo_feb_2026,2031,tp_delta_emtr_capital_business_passthrough,-7.84
cbo_feb_2026,2032,tp_delta_emtr_capital_business_passthrough,-7.789999999999999
cbo_feb_2026,2033,tp_delta_emtr_capital_business_passthrough,-7.859999999999999
cbo_feb_2026,2034,tp_delta_emtr_capital_business_passthrough,-7.850000000000001
cbo_feb_2026,2035,tp_delta_emtr_capital_business_passthrough,-7.789999999999999
cbo_feb_2026,2025,tp_delta_emtr_capital_business_rd_software,-14.57
cbo_feb_2026,2026,tp_delta_emtr_capital_business_rd_software,-14.9
cbo_feb_2026,2027,tp_delta_emtr_capital_business_rd_software,-13.790000000000001
cbo_feb_2026,2028,tp_delta_emtr_capital_business_rd_software,-13.32
cbo_feb_2026,2029,tp_delta_emtr_capital_business_rd_software,-13.54
cbo_feb_2026,2030,tp_delta_emtr_capital_business_rd_software,-14.03
cbo_feb_2026,2031,tp_delta_emtr_capital_business_rd_software,-14.14
cbo_feb_2026,2032,tp_delta_emtr_capital_business_rd_software,-14.02
cbo_feb_2026,2033,tp_delta_emtr_capital_business_rd_software,-14.23
cbo_feb_2026,2034,tp_delta_emtr_capital_business_rd_software,-14.110000000000001
cbo_feb_2026,2035,tp_delta_emtr_capital_business_rd_software,-14.079999999999998
cbo_feb_2026,2025,tp_delta_emtr_capital_business_residential,-0.3999999999999986
cbo_feb_2026,2026,tp_delta_emtr_capital_business_residential,-4.040000000000003
cbo_feb_2026,2027,tp_delta_emtr_capital_business_residential,-4.129999999999999
cbo_feb_2026,2028,tp_delta_emtr_capital_business_residential,-4.16
cbo_feb_2026,2029,tp_delta_emtr_capital_business_residential,-3.9700000000000024
cbo_feb_2026,2030,tp_delta_emtr_capital_business_residential,-3.84
cbo_feb_2026,2031,tp_delta_emtr_capital_business_residential,-4.119999999999997
cbo_feb_2026,2032,tp_delta_emtr_capital_business_residential,-4.039999999999999
cbo_feb_2026,2033,tp_delta_emtr_capital_business_residential,-4.140000000000001
cbo_feb_2026,2034,tp_delta_emtr_capital_business_residential,-4.100000000000001
cbo_feb_2026,2035,tp_delta_emtr_capital_business_residential,-4.039999999999999
cbo_feb_2026,2025,tp_delta_emtr_capital_business_structures,-5.1
cbo_feb_2026,2026,tp_delta_emtr_capital_business_structures,-6.41
cbo_feb_2026,2027,tp_delta_emtr_capital_business_structures,-6.370000000000001
cbo_feb_2026,2028,tp_delta_emtr_capital_business_structures,-6.280000000000001
cbo_feb_2026,2029,tp_delta_emtr_capital_business_structures,-2.6900000000000013
cbo_feb_2026,2030,tp_delta_emtr_capital_business_structures,-2.650000000000002
cbo_feb_2026,2031,tp_delta_emtr_capital_business_structures,-2.759999999999998
cbo_feb_2026,2032,tp_delta_emtr_capital_business_structures,-2.6000000000000014
cbo_feb_2026,2033,tp_delta_emtr_capital_business_structures,-2.7699999999999996
cbo_feb_2026,2034,tp_delta_emtr_capital_business_structures,-2.66
cbo_feb_2026,2035,tp_delta_emtr_capital_business_structures,-2.650000000000002
cbo_feb_2026,2025,tp_delta_emtr_capital_housing,-1.8600000000000003
cbo_feb_2026,2026,tp_delta_emtr_capital_housing,5.63
cbo_feb_2026,2027,tp_delta_emtr_capital_housing,5.45
cbo_feb_2026,2028,tp_delta_emtr_capital_housing,5.140000000000001
cbo_feb_2026,2029,tp_delta_emtr_capital_housing,4.8500000000000005
cbo_feb_2026,2030,tp_delta_emtr_capital_housing,7.050000000000001
cbo_feb_2026,2031,tp_delta_emtr_capital_housing,6.77
cbo_feb_2026,2032,tp_delta_emtr_capital_housing,6.76
cbo_feb_2026,2033,tp_delta_emtr_capital_housing,6.5
cbo_feb_2026,2034,tp_delta_emtr_capital_housing,6.51
cbo_feb_2026,2035,tp_delta_emtr_capital_housing,6.53
cbo_feb_2026,2025,tp_delta_emtr_capital_housing_debt,-3.3599999999999994
cbo_feb_2026,2026,tp_delta_emtr_capital_housing_debt,14.290000000000001
cbo_feb_2026,2027,tp_delta_emtr_capital_housing_debt,13.969999999999999
cbo_feb_2026,2028,tp_delta_emtr_capital_housing_debt,13.33
cbo_feb_2026,2029,tp_delta_emtr_capital_housing_debt,12.79
cbo_feb_2026,2030,tp_delta_emtr_capital_housing_debt,16.93
cbo_feb_2026,2031,tp_delta_emtr_capital_housing_debt,16.090000000000003
cbo_feb_2026,2032,tp_delta_emtr_capital_housing_debt,16.23
cbo_feb_2026,2033,tp_delta_emtr_capital_housing_debt,15.4
cbo_feb_2026,2034,tp_delta_emtr_capital_housing_debt,15.59
cbo_feb_2026,2035,tp_delta_emtr_capital_housing_debt,15.669999999999998
cbo_feb_2026,2025,tp_delta_emtr_capital_housing_equity,-0.9999999999999999
cbo_feb_2026,2026,tp_delta_emtr_capital_housing_equity,1.2499999999999998
cbo_feb_2026,2027,tp_delta_emtr_capital_housing_equity,1.24
cbo_feb_2026,2028,tp_delta_emtr_capital_housing_equity,1.19
cbo_feb_2026,2029,tp_delta_emtr_capital_housing_equity,1.13
cbo_feb_2026,2030,tp_delta_emtr_capital_housing_equity,2.23
cbo_feb_2026,2031,tp_delta_emtr_capital_housing_equity,2.24
cbo_feb_2026,2032,tp_delta_emtr_capital_housing_equity,2.25
cbo_feb_2026,2033,tp_delta_emtr_capital_housing_equity,2.26
cbo_feb_2026,2034,tp_delta_emtr_capital_housing_equity,2.26
cbo_feb_2026,2035,tp_delta_emtr_capital_housing_equity,2.2800000000000002
cbo_feb_2026,2025,tp_delta_emtr_capital_housing_incl_land,-1.8600000000000003
cbo_feb_2026,2026,tp_delta_emtr_capital_housing_incl_land,5.63
cbo_feb_2026,2027,tp_delta_emtr_capital_housing_incl_land,5.45
cbo_feb_2026,2028,tp_delta_emtr_capital_housing_incl_land,5.140000000000001
cbo_feb_2026,2029,tp_delta_emtr_capital_housing_incl_land,4.8500000000000005
cbo_feb_2026,2030,tp_delta_emtr_capital_housing_incl_land,7.050000000000001
cbo_feb_2026,2031,tp_delta_emtr_capital_housing_incl_land,6.77
cbo_feb_2026,2032,tp_delta_emtr_capital_housing_incl_land,6.76
cbo_feb_2026,2033,tp_delta_emtr_capital_housing_incl_land,6.5
cbo_feb_2026,2034,tp_delta_emtr_capital_housing_incl_land,6.51
cbo_feb_2026,2035,tp_delta_emtr_capital_housing_incl_land,6.53
cbo_feb_2026,2025,tp_delta_emtr_capital_overall,-3.7200000000000006
cbo_feb_2026,2026,tp_delta_emtr_capital_overall,-2.9499999999999993
cbo_feb_2026,2027,tp_delta_emtr_capital_overall,-3.34
cbo_feb_2026,2028,tp_delta_emtr_capital_overall,-3.41
cbo_feb_2026,2029,tp_delta_emtr_capital_overall,-2.369999999999999
cbo_feb_2026,2030,tp_delta_emtr_capital_overall,-1.629999999999999
cbo_feb_2026,2031,tp_delta_emtr_capital_overall,-1.83
cbo_feb_2026,2032,tp_delta_emtr_capital_overall,-1.7599999999999998
cbo_feb_2026,2033,tp_delta_emtr_capital_overall,-1.950000000000001
cbo_feb_2026,2034,tp_delta_emtr_capital_overall,-1.8900000000000006
cbo_feb_2026,2035,tp_delta_emtr_capital_overall,-1.8699999999999992
cbo_feb_2026,2025,tp_delta_emtr_capital_overall_incl_land,-2.879999999999999
cbo_feb_2026,2026,tp_delta_emtr_capital_overall_incl_land,-1.6500000000000004
cbo_feb_2026,2027,tp_delta_emtr_capital_overall_incl_land,-1.9700000000000006
cbo_feb_2026,2028,tp_delta_emtr_capital_overall_incl_land,-2.0700000000000003
cbo_feb_2026,2029,tp_delta_emtr_capital_overall_incl_land,-1.4000000000000004
cbo_feb_2026,2030,tp_delta_emtr_capital_overall_incl_land,-0.4900000000000002
cbo_feb_2026,2031,tp_delta_emtr_capital_overall_incl_land,-0.7200000000000006
cbo_feb_2026,2032,tp_delta_emtr_capital_overall_incl_land,-0.6699999999999999
cbo_feb_2026,2033,tp_delta_emtr_capital_overall_incl_land,-0.8599999999999994
cbo_feb_2026,2034,tp_delta_emtr_capital_overall_incl_land,-0.8099999999999987
cbo_feb_2026,2035,tp_delta_emtr_capital_overall_incl_land,-0.7799999999999994
cbo_feb_2026,2022,tp_eitc_earned_income_0,7320.0
cbo_feb_2026,2023,tp_eitc_earned_income_0,7840.0
cbo_feb_2026,2024,tp_eitc_earned_income_0,8260.0
cbo_feb_2026,2025,tp_eitc_earned_income_0,8490.0
cbo_feb_2026,2026,tp_eitc_earned_income_0,8680.0
cbo_feb_2026,2027,tp_eitc_earned_income_0,8900.0
cbo_feb_2026,2028,tp_eitc_earned_income_0,9110.0
cbo_feb_2026,2029,tp_eitc_earned_income_0,9300.0
cbo_feb_2026,2030,tp_eitc_earned_income_0,9490.0
cbo_feb_2026,2031,tp_eitc_earned_income_0,9680.0
cbo_feb_2026,2032,tp_eitc_earned_income_0,9870.0
cbo_feb_2026,2033,tp_eitc_earned_income_0,10060.0
cbo_feb_2026,2034,tp_eitc_earned_income_0,10260.0
cbo_feb_2026,2035,tp_eitc_earned_income_0,10460.0
cbo_feb_2026,2036,tp_eitc_earned_income_0,10670.0
cbo_feb_2026,2022,tp_eitc_earned_income_1,10980.0
cbo_feb_2026,2023,tp_eitc_earned_income_1,11750.0
cbo_feb_2026,2024,tp_eitc_earned_income_1,12390.0
cbo_feb_2026,2025,tp_eitc_earned_income_1,12730.0
cbo_feb_2026,2026,tp_eitc_earned_income_1,13020.0
cbo_feb_2026,2027,tp_eitc_earned_income_1,13360.0
cbo_feb_2026,2028,tp_eitc_earned_income_1,13670.0
cbo_feb_2026,2029,tp_eitc_earned_income_1,13950.0
cbo_feb_2026,2030,tp_eitc_earned_income_1,14240.0
cbo_feb_2026,2031,tp_eitc_earned_income_1,14520.0
cbo_feb_2026,2032,tp_eitc_earned_income_1,14800.0
cbo_feb_2026,2033,tp_eitc_earned_income_1,15100.0
cbo_feb_2026,2034,tp_eitc_earned_income_1,15390.0
cbo_feb_2026,2035,tp_eitc_earned_income_1,15700.0
cbo_feb_2026,2036,tp_eitc_earned_income_1,16010.0
cbo_feb_2026,2022,tp_eitc_earned_income_2,15410.0
cbo_feb_2026,2023,tp_eitc_earned_income_2,16510.0
cbo_feb_2026,2024,tp_eitc_earned_income_2,17400.0
cbo_feb_2026,2025,tp_eitc_earned_income_2,17880.0
cbo_feb_2026,2026,tp_eitc_earned_income_2,18290.0
cbo_feb_2026,2027,tp_eitc_earned_income_2,18760.0
cbo_feb_2026,2028,tp_eitc_earned_income_2,19190.0
cbo_feb_2026,2029,tp_eitc_earned_income_2,19600.0
cbo_feb_2026,2030,tp_eitc_earned_income_2,19990.0
cbo_feb_2026,2031,tp_eitc_earned_income_2,20390.0
cbo_feb_2026,2032,tp_eitc_earned_income_2,20790.0
cbo_feb_2026,2033,tp_eitc_earned_income_2,21200.0
cbo_feb_2026,2034,tp_eitc_earned_income_2,21620.0
cbo_feb_2026,2035,tp_eitc_earned_income_2,22040.0
cbo_feb_2026,2036,tp_eitc_earned_income_2,22480.0
cbo_feb_2026,2022,tp_eitc_earned_income_3plus,15410.0
cbo_feb_2026,2023,tp_eitc_earned_income_3plus,16510.0
cbo_feb_2026,2024,tp_eitc_earned_income_3plus,17400.0
cbo_feb_2026,2025,tp_eitc_earned_income_3plus,17880.0
cbo_feb_2026,2026,tp_eitc_earned_income_3plus,18290.0
cbo_feb_2026,2027,tp_eitc_earned_income_3plus,18760.0
cbo_feb_2026,2028,tp_eitc_earned_income_3plus,19190.0
cbo_feb_2026,2029,tp_eitc_earned_income_3plus,19600.0
cbo_feb_2026,2030,tp_eitc_earned_income_3plus,19990.0
cbo_feb_2026,2031,tp_eitc_earned_income_3plus,20390.0
cbo_feb_2026,2032,tp_eitc_earned_income_3plus,20790.0
cbo_feb_2026,2033,tp_eitc_earned_income_3plus,21200.0
cbo_feb_2026,2034,tp_eitc_earned_income_3plus,21620.0
cbo_feb_2026,2035,tp_eitc_earned_income_3plus,22040.0
cbo_feb_2026,2036,tp_eitc_earned_income_3plus,22480.0
cbo_feb_2026,2022,tp_eitc_max_credit_0,560.0
cbo_feb_2026,2023,tp_eitc_max_credit_0,600.0
cbo_feb_2026,2024,tp_eitc_max_credit_0,632.0
cbo_feb_2026,2025,tp_eitc_max_credit_0,649.0
cbo_feb_2026,2026,tp_eitc_max_credit_0,664.0
cbo_feb_2026,2027,tp_eitc_max_credit_0,681.0
cbo_feb_2026,2028,tp_eitc_max_credit_0,697.0
cbo_feb_2026,2029,tp_eitc_max_credit_0,711.0
cbo_feb_2026,2030,tp_eitc_max_credit_0,726.0
cbo_feb_2026,2031,tp_eitc_max_credit_0,741.0
cbo_feb_2026,2032,tp_eitc_max_credit_0,755.0
cbo_feb_2026,2033,tp_eitc_max_credit_0,770.0
cbo_feb_2026,2034,tp_eitc_max_credit_0,785.0
cbo_feb_2026,2035,tp_eitc_max_credit_0,800.0
cbo_feb_2026,2036,tp_eitc_max_credit_0,816.0
cbo_feb_2026,2022,tp_eitc_max_credit_1,3733.0
cbo_feb_2026,2023,tp_eitc_max_credit_1,3995.0
cbo_feb_2026,2024,tp_eitc_max_credit_1,4213.0
cbo_feb_2026,2025,tp_eitc_max_credit_1,4328.0
cbo_feb_2026,2026,tp_eitc_max_credit_1,4427.0
cbo_feb_2026,2027,tp_eitc_max_credit_1,4542.0
cbo_feb_2026,2028,tp_eitc_max_credit_1,4648.0
cbo_feb_2026,2029,tp_eitc_max_credit_1,4743.0
cbo_feb_2026,2030,tp_eitc_max_credit_1,4842.0
cbo_feb_2026,2031,tp_eitc_max_credit_1,4937.0
cbo_feb_2026,2032,tp_eitc_max_credit_1,5032.0
cbo_feb_2026,2033,tp_eitc_max_credit_1,5134.0
cbo_feb_2026,2034,tp_eitc_max_credit_1,5233.0
cbo_feb_2026,2035,tp_eitc_max_credit_1,5338.0
cbo_feb_2026,2036,tp_eitc_max_credit_1,5443.0
cbo_feb_2026,2022,tp_eitc_max_credit_2,6164.0
cbo_feb_2026,2023,tp_eitc_max_credit_2,6604.0
cbo_feb_2026,2024,tp_eitc_max_credit_2,6960.0
cbo_feb_2026,2025,tp_eitc_max_credit_2,7152.0
cbo_feb_2026,2026,tp_eitc_max_credit_2,7316.0
cbo_feb_2026,2027,tp_eitc_max_credit_2,7504.0
cbo_feb_2026,2028,tp_eitc_max_credit_2,7676.0
cbo_feb_2026,2029,tp_eitc_max_credit_2,7840.0
cbo_feb_2026,2030,tp_eitc_max_credit_2,7996.0
cbo_feb_2026,2031,tp_eitc_max_credit_2,8156.0
cbo_feb_2026,2032,tp_eitc_max_credit_2,8316.0
cbo_feb_2026,2033,tp_eitc_max_credit_2,8480.0
cbo_feb_2026,2034,tp_eitc_max_credit_2,8648.0
cbo_feb_2026,2035,tp_eitc_max_credit_2,8816.0
cbo_feb_2026,2036,tp_eitc_max_credit_2,8992.0
cbo_feb_2026,2022,tp_eitc_max_credit_3plus,6935.0
cbo_feb_2026,2023,tp_eitc_max_credit_3plus,7430.0
cbo_feb_2026,2024,tp_eitc_max_credit_3plus,7830.0
cbo_feb_2026,2025,tp_eitc_max_credit_3plus,8046.0
cbo_feb_2026,2026,tp_eitc_max_credit_3plus,8230.0
cbo_feb_2026,2027,tp_eitc_max_credit_3plus,8442.0
cbo_feb_2026,2028,tp_eitc_max_credit_3plus,8636.0
cbo_feb_2026,2029,tp_eitc_max_credit_3plus,8820.0
cbo_feb_2026,2030,tp_eitc_max_credit_3plus,8996.0
cbo_feb_2026,2031,tp_eitc_max_credit_3plus,9176.0
cbo_feb_2026,2032,tp_eitc_max_credit_3plus,9356.0
cbo_feb_2026,2033,tp_eitc_max_credit_3plus,9540.0
cbo_feb_2026,2034,tp_eitc_max_credit_3plus,9729.0
cbo_feb_2026,2035,tp_eitc_max_credit_3plus,9918.0
cbo_feb_2026,2036,tp_eitc_max_credit_3plus,10116.0
cbo_feb_2026,2022,tp_eitc_phasein_rate_0,7.65
cbo_feb_2026,2023,tp_eitc_phasein_rate_0,7.65
cbo_feb_2026,2024,tp_eitc_phasein_rate_0,7.65
cbo_feb_2026,2025,tp_eitc_phasein_rate_0,7.65
cbo_feb_2026,2026,tp_eitc_phasein_rate_0,7.65
cbo_feb_2026,2027,tp_eitc_phasein_rate_0,7.65
cbo_feb_2026,2028,tp_eitc_phasein_rate_0,7.65
cbo_feb_2026,2029,tp_eitc_phasein_rate_0,7.65
cbo_feb_2026,2030,tp_eitc_phasein_rate_0,7.65
cbo_feb_2026,2031,tp_eitc_phasein_rate_0,7.65
cbo_feb_2026,2032,tp_eitc_phasein_rate_0,7.65
cbo_feb_2026,2033,tp_eitc_phasein_rate_0,7.65
cbo_feb_2026,2034,tp_eitc_phasein_rate_0,7.65
cbo_feb_2026,2035,tp_eitc_phasein_rate_0,7.65
cbo_feb_2026,2036,tp_eitc_phasein_rate_0,7.65
cbo_feb_2026,2022,tp_eitc_phasein_rate_1,34.0
cbo_feb_2026,2023,tp_eitc_phasein_rate_1,34.0
cbo_feb_2026,2024,tp_eitc_phasein_rate_1,34.0
cbo_feb_2026,2025,tp_eitc_phasein_rate_1,34.0
cbo_feb_2026,2026,tp_eitc_phasein_rate_1,34.0
cbo_feb_2026,2027,tp_eitc_phasein_rate_1,34.0
cbo_feb_2026,2028,tp_eitc_phasein_rate_1,34.0
cbo_feb_2026,2029,tp_eitc_phasein_rate_1,34.0
cbo_feb_2026,2030,tp_eitc_phasein_rate_1,34.0
cbo_feb_2026,2031,tp_eitc_phasein_rate_1,34.0
cbo_feb_2026,2032,tp_eitc_phasein_rate_1,34.0
cbo_feb_2026,2033,tp_eitc_phasein_rate_1,34.0
cbo_feb_2026,2034,tp_eitc_phasein_rate_1,34.0
cbo_feb_2026,2035,tp_eitc_phasein_rate_1,34.0
cbo_feb_2026,2036,tp_eitc_phasein_rate_1,34.0
cbo_feb_2026,2022,tp_eitc_phasein_rate_2,40.0
cbo_feb_2026,2023,tp_eitc_phasein_rate_2,40.0
cbo_feb_2026,2024,tp_eitc_phasein_rate_2,40.0
cbo_feb_2026,2025,tp_eitc_phasein_rate_2,40.0
cbo_feb_2026,2026,tp_eitc_phasein_rate_2,40.0
cbo_feb_2026,2027,tp_eitc_phasein_rate_2,40.0
cbo_feb_2026,2028,tp_eitc_phasein_rate_2,40.0
cbo_feb_2026,2029,tp_eitc_phasein_rate_2,40.0
cbo_feb_2026,2030,tp_eitc_phasein_rate_2,40.0
cbo_feb_2026,2031,tp_eitc_phasein_rate_2,40.0
cbo_feb_2026,2032,tp_eitc_phasein_rate_2,40.0
cbo_feb_2026,2033,tp_eitc_phasein_rate_2,40.0
cbo_feb_2026,2034,tp_eitc_phasein_rate_2,40.0
cbo_feb_2026,2035,tp_eitc_phasein_rate_2,40.0
cbo_feb_2026,2036,tp_eitc_phasein_rate_2,40.0
cbo_feb_2026,2022,tp_eitc_phasein_rate_3plus,45.0
cbo_feb_2026,2023,tp_eitc_phasein_rate_3plus,45.0
cbo_feb_2026,2024,tp_eitc_phasein_rate_3plus,45.0
cbo_feb_2026,2025,tp_eitc_phasein_rate_3plus,45.0
cbo_feb_2026,2026,tp_eitc_phasein_rate_3plus,45.0
cbo_feb_2026,2027,tp_eitc_phasein_rate_3plus,45.0
cbo_feb_2026,2028,tp_eitc_phasein_rate_3plus,45.0
cbo_feb_2026,2029,tp_eitc_phasein_rate_3plus,45.0
cbo_feb_2026,2030,tp_eitc_phasein_rate_3plus,45.0
cbo_feb_2026,2031,tp_eitc_phasein_rate_3plus,45.0
cbo_feb_2026,2032,tp_eitc_phasein_rate_3plus,45.0
cbo_feb_2026,2033,tp_eitc_phasein_rate_3plus,45.0
cbo_feb_2026,2034,tp_eitc_phasein_rate_3plus,45.0
cbo_feb_2026,2035,tp_eitc_phasein_rate_3plus,45.0
cbo_feb_2026,2036,tp_eitc_phasein_rate_3plus,45.0
cbo_feb_2026,2022,tp_eitc_phaseout_mfj_0,15290.0
cbo_feb_2026,2023,tp_eitc_phaseout_mfj_0,16370.0
cbo_feb_2026,2024,tp_eitc_phaseout_mfj_0,17250.0
cbo_feb_2026,2025,tp_eitc_phaseout_mfj_0,17730.0
cbo_feb_2026,2026,tp_eitc_phaseout_mfj_0,18140.0
cbo_feb_2026,2027,tp_eitc_phaseout_mfj_0,18600.0
cbo_feb_2026,2028,tp_eitc_phaseout_mfj_0,19040.0
cbo_feb_2026,2029,tp_eitc_phaseout_mfj_0,19430.0
cbo_feb_2026,2030,tp_eitc_phaseout_mfj_0,19830.0
cbo_feb_2026,2031,tp_eitc_phaseout_mfj_0,20220.0
cbo_feb_2026,2032,tp_eitc_phaseout_mfj_0,20620.0
cbo_feb_2026,2033,tp_eitc_phaseout_mfj_0,21020.0
cbo_feb_2026,2034,tp_eitc_phaseout_mfj_0,21440.0
cbo_feb_2026,2035,tp_eitc_phaseout_mfj_0,21860.0
cbo_feb_2026,2036,tp_eitc_phaseout_mfj_0,22290.0
cbo_feb_2026,2022,tp_eitc_phaseout_mfj_1,26260.0
cbo_feb_2026,2023,tp_eitc_phaseout_mfj_1,28120.0
cbo_feb_2026,2024,tp_eitc_phaseout_mfj_1,29640.0
cbo_feb_2026,2025,tp_eitc_phaseout_mfj_1,30470.0
cbo_feb_2026,2026,tp_eitc_phaseout_mfj_1,31160.0
cbo_feb_2026,2027,tp_eitc_phaseout_mfj_1,31960.0
cbo_feb_2026,2028,tp_eitc_phaseout_mfj_1,32700.0
cbo_feb_2026,2029,tp_eitc_phaseout_mfj_1,33390.0
cbo_feb_2026,2030,tp_eitc_phaseout_mfj_1,34060.0
cbo_feb_2026,2031,tp_eitc_phaseout_mfj_1,34740.0
cbo_feb_2026,2032,tp_eitc_phaseout_mfj_1,35420.0
cbo_feb_2026,2033,tp_eitc_phaseout_mfj_1,36120.0
cbo_feb_2026,2034,tp_eitc_phaseout_mfj_1,36830.0
cbo_feb_2026,2035,tp_eitc_phaseout_mfj_1,37560.0
cbo_feb_2026,2036,tp_eitc_phaseout_mfj_1,38300.0
cbo_feb_2026,2022,tp_eitc_phaseout_mfj_2,26260.0
cbo_feb_2026,2023,tp_eitc_phaseout_mfj_2,28120.0
cbo_feb_2026,2024,tp_eitc_phaseout_mfj_2,29640.0
cbo_feb_2026,2025,tp_eitc_phaseout_mfj_2,30470.0
cbo_feb_2026,2026,tp_eitc_phaseout_mfj_2,31160.0
cbo_feb_2026,2027,tp_eitc_phaseout_mfj_2,31960.0
cbo_feb_2026,2028,tp_eitc_phaseout_mfj_2,32700.0
cbo_feb_2026,2029,tp_eitc_phaseout_mfj_2,33390.0
cbo_feb_2026,2030,tp_eitc_phaseout_mfj_2,34060.0
cbo_feb_2026,2031,tp_eitc_phaseout_mfj_2,34740.0
cbo_feb_2026,2032,tp_eitc_phaseout_mfj_2,35420.0
cbo_feb_2026,2033,tp_eitc_phaseout_mfj_2,36120.0
cbo_feb_2026,2034,tp_eitc_phaseout_mfj_2,36830.0
cbo_feb_2026,2035,tp_eitc_phaseout_mfj_2,37560.0
cbo_feb_2026,2036,tp_eitc_phaseout_mfj_2,38300.0
cbo_feb_2026,2022,tp_eitc_phaseout_mfj_3plus,26260.0
cbo_feb_2026,2023,tp_eitc_phaseout_mfj_3plus,28120.0
cbo_feb_2026,2024,tp_eitc_phaseout_mfj_3plus,29640.0
cbo_feb_2026,2025,tp_eitc_phaseout_mfj_3plus,30470.0
cbo_feb_2026,2026,tp_eitc_phaseout_mfj_3plus,31160.0
cbo_feb_2026,2027,tp_eitc_phaseout_mfj_3plus,31960.0
cbo_feb_2026,2028,tp_eitc_phaseout_mfj_3plus,32700.0
cbo_feb_2026,2029,tp_eitc_phaseout_mfj_3plus,33390.0
cbo_feb_2026,2030,tp_eitc_phaseout_mfj_3plus,34060.0
cbo_feb_2026,2031,tp_eitc_phaseout_mfj_3plus,34740.0
cbo_feb_2026,2032,tp_eitc_phaseout_mfj_3plus,35420.0
cbo_feb_2026,2033,tp_eitc_phaseout_mfj_3plus,36120.0
cbo_feb_2026,2034,tp_eitc_phaseout_mfj_3plus,36830.0
cbo_feb_2026,2035,tp_eitc_phaseout_mfj_3plus,37560.0
cbo_feb_2026,2036,tp_eitc_phaseout_mfj_3plus,38300.0
cbo_feb_2026,2022,tp_eitc_phaseout_rate_0,7.65
cbo_feb_2026,2023,tp_eitc_phaseout_rate_0,7.65
cbo_feb_2026,2024,tp_eitc_phaseout_rate_0,7.65
cbo_feb_2026,2025,tp_eitc_phaseout_rate_0,7.65
cbo_feb_2026,2026,tp_eitc_phaseout_rate_0,7.65
cbo_feb_2026,2027,tp_eitc_phaseout_rate_0,7.65
cbo_feb_2026,2028,tp_eitc_phaseout_rate_0,7.65
cbo_feb_2026,2029,tp_eitc_phaseout_rate_0,7.65
cbo_feb_2026,2030,tp_eitc_phaseout_rate_0,7.65
cbo_feb_2026,2031,tp_eitc_phaseout_rate_0,7.65
cbo_feb_2026,2032,tp_eitc_phaseout_rate_0,7.65
cbo_feb_2026,2033,tp_eitc_phaseout_rate_0,7.65
cbo_feb_2026,2034,tp_eitc_phaseout_rate_0,7.65
cbo_feb_2026,2035,tp_eitc_phaseout_rate_0,7.65
cbo_feb_2026,2036,tp_eitc_phaseout_rate_0,7.65
cbo_feb_2026,2022,tp_eitc_phaseout_rate_1,15.98
cbo_feb_2026,2023,tp_eitc_phaseout_rate_1,15.98
cbo_feb_2026,2024,tp_eitc_phaseout_rate_1,15.98
cbo_feb_2026,2025,tp_eitc_phaseout_rate_1,15.98
cbo_feb_2026,2026,tp_eitc_phaseout_rate_1,15.98
cbo_feb_2026,2027,tp_eitc_phaseout_rate_1,15.98
cbo_feb_2026,2028,tp_eitc_phaseout_rate_1,15.98
cbo_feb_2026,2029,tp_eitc_phaseout_rate_1,15.98
cbo_feb_2026,2030,tp_eitc_phaseout_rate_1,15.98
cbo_feb_2026,2031,tp_eitc_phaseout_rate_1,15.98
cbo_feb_2026,2032,tp_eitc_phaseout_rate_1,15.98
cbo_feb_2026,2033,tp_eitc_phaseout_rate_1,15.98
cbo_feb_2026,2034,tp_eitc_phaseout_rate_1,15.98
cbo_feb_2026,2035,tp_eitc_phaseout_rate_1,15.98
cbo_feb_2026,2036,tp_eitc_phaseout_rate_1,15.98
cbo_feb_2026,2022,tp_eitc_phaseout_rate_2,21.06
cbo_feb_2026,2023,tp_eitc_phaseout_rate_2,21.06
cbo_feb_2026,2024,tp_eitc_phaseout_rate_2,21.06
cbo_feb_2026,2025,tp_eitc_phaseout_rate_2,21.06
cbo_feb_2026,2026,tp_eitc_phaseout_rate_2,21.06
cbo_feb_2026,2027,tp_eitc_phaseout_rate_2,21.06
cbo_feb_2026,2028,tp_eitc_phaseout_rate_2,21.06
cbo_feb_2026,2029,tp_eitc_phaseout_rate_2,21.06
cbo_feb_2026,2030,tp_eitc_phaseout_rate_2,21.06
cbo_feb_2026,2031,tp_eitc_phaseout_rate_2,21.06
cbo_feb_2026,2032,tp_eitc_phaseout_rate_2,21.06
cbo_feb_2026,2033,tp_eitc_phaseout_rate_2,21.06
cbo_feb_2026,2034,tp_eitc_phaseout_rate_2,21.06
cbo_feb_2026,2035,tp_eitc_phaseout_rate_2,21.06
cbo_feb_2026,2036,tp_eitc_phaseout_rate_2,21.06
cbo_feb_2026,2022,tp_eitc_phaseout_rate_3plus,21.06
cbo_feb_2026,2023,tp_eitc_phaseout_rate_3plus,21.06
cbo_feb_2026,2024,tp_eitc_phaseout_rate_3plus,21.06
cbo_feb_2026,2025,tp_eitc_phaseout_rate_3plus,21.06
cbo_feb_2026,2026,tp_eitc_phaseout_rate_3plus,21.06
cbo_feb_2026,2027,tp_eitc_phaseout_rate_3plus,21.06
cbo_feb_2026,2028,tp_eitc_phaseout_rate_3plus,21.06
cbo_feb_2026,2029,tp_eitc_phaseout_rate_3plus,21.06
cbo_feb_2026,2030,tp_eitc_phaseout_rate_3plus,21.06
cbo_feb_2026,2031,tp_eitc_phaseout_rate_3plus,21.06
cbo_feb_2026,2032,tp_eitc_phaseout_rate_3plus,21.06
cbo_feb_2026,2033,tp_eitc_phaseout_rate_3plus,21.06
cbo_feb_2026,2034,tp_eitc_phaseout_rate_3plus,21.06
cbo_feb_2026,2035,tp_eitc_phaseout_rate_3plus,21.06
cbo_feb_2026,2036,tp_eitc_phaseout_rate_3plus,21.06
cbo_feb_2026,2022,tp_eitc_phaseout_single_0,9160.0
cbo_feb_2026,2023,tp_eitc_phaseout_single_0,9800.0
cbo_feb_2026,2024,tp_eitc_phaseout_single_0,10330.0
cbo_feb_2026,2025,tp_eitc_phaseout_single_0,10620.0
cbo_feb_2026,2026,tp_eitc_phaseout_single_0,10860.0
cbo_feb_2026,2027,tp_eitc_phaseout_single_0,11140.0
cbo_feb_2026,2028,tp_eitc_phaseout_single_0,11400.0
cbo_feb_2026,2029,tp_eitc_phaseout_single_0,11640.0
cbo_feb_2026,2030,tp_eitc_phaseout_single_0,11870.0
cbo_feb_2026,2031,tp_eitc_phaseout_single_0,12110.0
cbo_feb_2026,2032,tp_eitc_phaseout_single_0,12350.0
cbo_feb_2026,2033,tp_eitc_phaseout_single_0,12590.0
cbo_feb_2026,2034,tp_eitc_phaseout_single_0,12840.0
cbo_feb_2026,2035,tp_eitc_phaseout_single_0,13090.0
cbo_feb_2026,2036,tp_eitc_phaseout_single_0,13350.0
cbo_feb_2026,2022,tp_eitc_phaseout_single_1,20130.0
cbo_feb_2026,2023,tp_eitc_phaseout_single_1,21560.0
cbo_feb_2026,2024,tp_eitc_phaseout_single_1,22720.0
cbo_feb_2026,2025,tp_eitc_phaseout_single_1,23350.0
cbo_feb_2026,2026,tp_eitc_phaseout_single_1,23890.0
cbo_feb_2026,2027,tp_eitc_phaseout_single_1,24500.0
cbo_feb_2026,2028,tp_eitc_phaseout_single_1,25070.0
cbo_feb_2026,2029,tp_eitc_phaseout_single_1,25590.0
cbo_feb_2026,2030,tp_eitc_phaseout_single_1,26110.0
cbo_feb_2026,2031,tp_eitc_phaseout_single_1,26630.0
cbo_feb_2026,2032,tp_eitc_phaseout_single_1,27150.0
cbo_feb_2026,2033,tp_eitc_phaseout_single_1,27690.0
cbo_feb_2026,2034,tp_eitc_phaseout_single_1,28230.0
cbo_feb_2026,2035,tp_eitc_phaseout_single_1,28790.0
cbo_feb_2026,2036,tp_eitc_phaseout_single_1,29360.0
cbo_feb_2026,2022,tp_eitc_phaseout_single_2,20130.0
cbo_feb_2026,2023,tp_eitc_phaseout_single_2,21560.0
cbo_feb_2026,2024,tp_eitc_phaseout_single_2,22720.0
cbo_feb_2026,2025,tp_eitc_phaseout_single_2,23350.0
cbo_feb_2026,2026,tp_eitc_phaseout_single_2,23890.0
cbo_feb_2026,2027,tp_eitc_phaseout_single_2,24500.0
cbo_feb_2026,2028,tp_eitc_phaseout_single_2,25070.0
cbo_feb_2026,2029,tp_eitc_phaseout_single_2,25590.0
cbo_feb_2026,2030,tp_eitc_phaseout_single_2,26110.0
cbo_feb_2026,2031,tp_eitc_phaseout_single_2,26630.0
cbo_feb_2026,2032,tp_eitc_phaseout_single_2,27150.0
cbo_feb_2026,2033,tp_eitc_phaseout_single_2,27690.0
cbo_feb_2026,2034,tp_eitc_phaseout_single_2,28230.0
cbo_feb_2026,2035,tp_eitc_phaseout_single_2,28790.0
cbo_feb_2026,2036,tp_eitc_phaseout_single_2,29360.0
cbo_feb_2026,2022,tp_eitc_phaseout_single_3plus,20130.0
cbo_feb_2026,2023,tp_eitc_phaseout_single_3plus,21560.0
cbo_feb_2026,2024,tp_eitc_phaseout_single_3plus,22720.0
cbo_feb_2026,2025,tp_eitc_phaseout_single_3plus,23350.0
cbo_feb_2026,2026,tp_eitc_phaseout_single_3plus,23890.0
cbo_feb_2026,2027,tp_eitc_phaseout_single_3plus,24500.0
cbo_feb_2026,2028,tp_eitc_phaseout_single_3plus,25070.0
cbo_feb_2026,2029,tp_eitc_phaseout_single_3plus,25590.0
cbo_feb_2026,2030,tp_eitc_phaseout_single_3plus,26110.0
cbo_feb_2026,2031,tp_eitc_phaseout_single_3plus,26630.0
cbo_feb_2026,2032,tp_eitc_phaseout_single_3plus,27150.0
cbo_feb_2026,2033,tp_eitc_phaseout_single_3plus,27690.0
cbo_feb_2026,2034,tp_eitc_phaseout_single_3plus,28230.0
cbo_feb_2026,2035,tp_eitc_phaseout_single_3plus,28790.0
cbo_feb_2026,2036,tp_eitc_phaseout_single_3plus,29360.0
cbo_feb_2026,2026,tp_emtr_capital_business,14.38
cbo_feb_2026,2027,tp_emtr_capital_business,15.1
cbo_feb_2026,2028,tp_emtr_capital_business,15.15
cbo_feb_2026,2029,tp_emtr_capital_business,16.96
cbo_feb_2026,2030,tp_emtr_capital_business,17.16
cbo_feb_2026,2031,tp_emtr_capital_business,17.2
cbo_feb_2026,2032,tp_emtr_capital_business,17.22
cbo_feb_2026,2033,tp_emtr_capital_business,17.29
cbo_feb_2026,2034,tp_emtr_capital_business,17.33
cbo_feb_2026,2035,tp_emtr_capital_business,17.34
cbo_feb_2026,2036,tp_emtr_capital_business,17.49
cbo_feb_2026,2026,tp_emtr_capital_business_c_corp,12.3
cbo_feb_2026,2027,tp_emtr_capital_business_c_corp,13.25
cbo_feb_2026,2028,tp_emtr_capital_business_c_corp,13.31
cbo_feb_2026,2029,tp_emtr_capital_business_c_corp,15.27
cbo_feb_2026,2030,tp_emtr_capital_business_c_corp,15.48
cbo_feb_2026,2031,tp_emtr_capital_business_c_corp,15.55
cbo_feb_2026,2032,tp_emtr_capital_business_c_corp,15.58
cbo_feb_2026,2033,tp_emtr_capital_business_c_corp,15.65
cbo_feb_2026,2034,tp_emtr_capital_business_c_corp,15.68
cbo_feb_2026,2035,tp_emtr_capital_business_c_corp,15.69
cbo_feb_2026,2036,tp_emtr_capital_business_c_corp,15.82
cbo_feb_2026,2026,tp_emtr_capital_business_debt,-0.03
cbo_feb_2026,2027,tp_emtr_capital_business_debt,1.41
cbo_feb_2026,2028,tp_emtr_capital_business_debt,1.69
cbo_feb_2026,2029,tp_emtr_capital_business_debt,3.57
cbo_feb_2026,2030,tp_emtr_capital_business_debt,4.01
cbo_feb_2026,2031,tp_emtr_capital_business_debt,4.1
cbo_feb_2026,2032,tp_emtr_capital_business_debt,4.04
cbo_feb_2026,2033,tp_emtr_capital_business_debt,4.32
cbo_feb_2026,2034,tp_emtr_capital_business_debt,4.19
cbo_feb_2026,2035,tp_emtr_capital_business_debt,4.3
cbo_feb_2026,2036,tp_emtr_capital_business_debt,4.49
cbo_feb_2026,2026,tp_emtr_capital_business_equipment,3.91
cbo_feb_2026,2027,tp_emtr_capital_business_equipment,5.54
cbo_feb_2026,2028,tp_emtr_capital_business_equipment,5.68
cbo_feb_2026,2029,tp_emtr_capital_business_equipment,5.83
cbo_feb_2026,2030,tp_emtr_capital_business_equipment,6.11
cbo_feb_2026,2031,tp_emtr_capital_business_equipment,6.18
cbo_feb_2026,2032,tp_emtr_capital_business_equipment,6.2
cbo_feb_2026,2033,tp_emtr_capital_business_equipment,6.28
cbo_feb_2026,2034,tp_emtr_capital_business_equipment,6.29
cbo_feb_2026,2035,tp_emtr_capital_business_equipment,6.3
cbo_feb_2026,2036,tp_emtr_capital_business_equipment,6.42
cbo_feb_2026,2026,tp_emtr_capital_business_equity,17.58
cbo_feb_2026,2027,tp_emtr_capital_business_equity,18.15
cbo_feb_2026,2028,tp_emtr_capital_business_equity,18.16
cbo_feb_2026,2029,tp_emtr_capital_business_equity,19.94
cbo_feb_2026,2030,tp_emtr_capital_business_equity,20.08
cbo_feb_2026,2031,tp_emtr_capital_business_equity,20.12
cbo_feb_2026,2032,tp_emtr_capital_business_equity,20.16
cbo_feb_2026,2033,tp_emtr_capital_business_equity,20.18
cbo_feb_2026,2034,tp_emtr_capital_business_equity,20.25
cbo_feb_2026,2035,tp_emtr_capital_business_equity,20.24
cbo_feb_2026,2036,tp_emtr_capital_business_equity,20.37
cbo_feb_2026,2026,tp_emtr_capital_business_incl_land,17.44
cbo_feb_2026,2027,tp_emtr_capital_business_incl_land,18.0
cbo_feb_2026,2028,tp_emtr_capital_business_incl_land,18.03
cbo_feb_2026,2029,tp_emtr_capital_business_incl_land,19.41
cbo_feb_2026,2030,tp_emtr_capital_business_incl_land,19.59
cbo_feb_2026,2031,tp_emtr_capital_business_incl_land,19.62
cbo_feb_2026,2032,tp_emtr_capital_business_incl_land,19.64
cbo_feb_2026,2033,tp_emtr_capital_business_incl_land,19.7
cbo_feb_2026,2034,tp_emtr_capital_business_incl_land,19.75
cbo_feb_2026,2035,tp_emtr_capital_business_incl_land,19.76
cbo_feb_2026,2036,tp_emtr_capital_business_incl_land,19.91
cbo_feb_2026,2026,tp_emtr_capital_business_inventories,29.06
cbo_feb_2026,2027,tp_emtr_capital_business_inventories,29.17
cbo_feb_2026,2028,tp_emtr_capital_business_inventories,29.13
cbo_feb_2026,2029,tp_emtr_capital_business_inventories,29.25
cbo_feb_2026,2030,tp_emtr_capital_business_inventories,29.35
cbo_feb_2026,2031,tp_emtr_capital_business_inventories,29.38
cbo_feb_2026,2032,tp_emtr_capital_business_inventories,29.4
cbo_feb_2026,2033,tp_emtr_capital_business_inventories,29.45
cbo_feb_2026,2034,tp_emtr_capital_business_inventories,29.5
cbo_feb_2026,2035,tp_emtr_capital_business_inventories,29.51
cbo_feb_2026,2036,tp_emtr_capital_business_inventories,29.65
cbo_feb_2026,2026,tp_emtr_capital_business_land,26.74
cbo_feb_2026,2027,tp_emtr_capital_business_land,26.88
cbo_feb_2026,2028,tp_emtr_capital_business_land,26.86
cbo_feb_2026,2029,tp_emtr_capital_business_land,27.05
cbo_feb_2026,2030,tp_emtr_capital_business_land,27.18
cbo_feb_2026,2031,tp_emtr_capital_business_land,27.2
cbo_feb_2026,2032,tp_emtr_capital_business_land,27.2
cbo_feb_2026,2033,tp_emtr_capital_business_land,27.26
cbo_feb_2026,2034,tp_emtr_capital_business_land,27.32
cbo_feb_2026,2035,tp_emtr_capital_business_land,27.34
cbo_feb_2026,2036,tp_emtr_capital_business_land,27.5
cbo_feb_2026,2026,tp_emtr_capital_business_other_ip,15.45
cbo_feb_2026,2027,tp_emtr_capital_business_other_ip,15.69
cbo_feb_2026,2028,tp_emtr_capital_business_other_ip,15.71
cbo_feb_2026,2029,tp_emtr_capital_business_other_ip,15.8
cbo_feb_2026,2030,tp_emtr_capital_business_other_ip,15.96
cbo_feb_2026,2031,tp_emtr_capital_business_other_ip,16.02
cbo_feb_2026,2032,tp_emtr_capital_business_other_ip,16.05
cbo_feb_2026,2033,tp_emtr_capital_business_other_ip,16.11
cbo_feb_2026,2034,tp_emtr_capital_business_other_ip,16.14
cbo_feb_2026,2035,tp_emtr_capital_business_other_ip,16.15
cbo_feb_2026,2036,tp_emtr_capital_business_other_ip,16.27
cbo_feb_2026,2026,tp_emtr_capital_business_passthrough,18.96
cbo_feb_2026,2027,tp_emtr_capital_business_passthrough,19.22
cbo_feb_2026,2028,tp_emtr_capital_business_passthrough,19.25
cbo_feb_2026,2029,tp_emtr_capital_business_passthrough,20.74
cbo_feb_2026,2030,tp_emtr_capital_business_passthrough,20.92
cbo_feb_2026,2031,tp_emtr_capital_business_passthrough,20.91
cbo_feb_2026,2032,tp_emtr_capital_business_passthrough,20.88
cbo_feb_2026,2033,tp_emtr_capital_business_passthrough,20.96
cbo_feb_2026,2034,tp_emtr_capital_business_passthrough,21.01
cbo_feb_2026,2035,tp_emtr_capital_business_passthrough,21.03
cbo_feb_2026,2036,tp_emtr_capital_business_passthrough,21.21
cbo_feb_2026,2026,tp_emtr_capital_business_rd_software,-30.09
cbo_feb_2026,2027,tp_emtr_capital_business_rd_software,-28.43
cbo_feb_2026,2028,tp_emtr_capital_business_rd_software,-27.59
cbo_feb_2026,2029,tp_emtr_capital_business_rd_software,-26.64
cbo_feb_2026,2030,tp_emtr_capital_business_rd_software,-25.52
cbo_feb_2026,2031,tp_emtr_capital_business_rd_software,-25.39
cbo_feb_2026,2032,tp_emtr_capital_business_rd_software,-25.33
cbo_feb_2026,2033,tp_emtr_capital_business_rd_software,-25.25
cbo_feb_2026,2034,tp_emtr_capital_business_rd_software,-25.21
cbo_feb_2026,2035,tp_emtr_capital_business_rd_software,-25.2
cbo_feb_2026,2036,tp_emtr_capital_business_rd_software,-25.03
cbo_feb_2026,2026,tp_emtr_capital_business_residential,23.42
cbo_feb_2026,2027,tp_emtr_capital_business_residential,23.57
cbo_feb_2026,2028,tp_emtr_capital_business_residential,23.56
cbo_feb_2026,2029,tp_emtr_capital_business_residential,23.77
cbo_feb_2026,2030,tp_emtr_capital_business_residential,23.91
cbo_feb_2026,2031,tp_emtr_capital_business_residential,23.92
cbo_feb_2026,2032,tp_emtr_capital_business_residential,23.91
cbo_feb_2026,2033,tp_emtr_capital_business_residential,23.98
cbo_feb_2026,2034,tp_emtr_capital_business_residential,24.02
cbo_feb_2026,2035,tp_emtr_capital_business_residential,24.05
cbo_feb_2026,2036,tp_emtr_capital_business_residential,24.22
cbo_feb_2026,2026,tp_emtr_capital_business_structures,16.89
cbo_feb_2026,2027,tp_emtr_capital_business_structures,17.64
cbo_feb_2026,2028,tp_emtr_capital_business_structures,17.64
cbo_feb_2026,2029,tp_emtr_capital_business_structures,21.27
cbo_feb_2026,2030,tp_emtr_capital_business_structures,21.41
cbo_feb_2026,2031,tp_emtr_capital_business_structures,21.46
cbo_feb_2026,2032,tp_emtr_capital_business_structures,21.48
cbo_feb_2026,2033,tp_emtr_capital_business_structures,21.55
cbo_feb_2026,2034,tp_emtr_capital_business_structures,21.58
cbo_feb_2026,2035,tp_emtr_capital_business_structures,21.6
cbo_feb_2026,2036,tp_emtr_capital_business_structures,21.74
cbo_feb_2026,2026,tp_emtr_capital_housing,7.14
cbo_feb_2026,2027,tp_emtr_capital_housing,6.84
cbo_feb_2026,2028,tp_emtr_capital_housing,6.47
cbo_feb_2026,2029,tp_emtr_capital_housing,6.04
cbo_feb_2026,2030,tp_emtr_capital_housing,8.08
cbo_feb_2026,2031,tp_emtr_capital_housing,7.87
cbo_feb_2026,2032,tp_emtr_capital_housing,7.63
cbo_feb_2026,2033,tp_emtr_capital_housing,7.59
cbo_feb_2026,2034,tp_emtr_capital_housing,7.43
cbo_feb_2026,2035,tp_emtr_capital_housing,7.36
cbo_feb_2026,2036,tp_emtr_capital_housing,7.43
cbo_feb_2026,2026,tp_emtr_capital_housing_debt,25.57
cbo_feb_2026,2027,tp_emtr_capital_housing_debt,24.87
cbo_feb_2026,2028,tp_emtr_capital_housing_debt,23.94
cbo_feb_2026,2029,tp_emtr_capital_housing_debt,22.85
cbo_feb_2026,2030,tp_emtr_capital_housing_debt,26.83
cbo_feb_2026,2031,tp_emtr_capital_housing_debt,26.25
cbo_feb_2026,2032,tp_emtr_capital_housing_debt,25.56
cbo_feb_2026,2033,tp_emtr_capital_housing_debt,25.52
cbo_feb_2026,2034,tp_emtr_capital_housing_debt,25.06
cbo_feb_2026,2035,tp_emtr_capital_housing_debt,24.87
cbo_feb_2026,2036,tp_emtr_capital_housing_debt,25.11
cbo_feb_2026,2026,tp_emtr_capital_housing_equity,-0.91
cbo_feb_2026,2027,tp_emtr_capital_housing_equity,-0.94
cbo_feb_2026,2028,tp_emtr_capital_housing_equity,-0.98
cbo_feb_2026,2029,tp_emtr_capital_housing_equity,-1.02
cbo_feb_2026,2030,tp_emtr_capital_housing_equity,-0.12
cbo_feb_2026,2031,tp_emtr_capital_housing_equity,-0.12
cbo_feb_2026,2032,tp_emtr_capital_housing_equity,-0.11
cbo_feb_2026,2033,tp_emtr_capital_housing_equity,-0.11
cbo_feb_2026,2034,tp_emtr_capital_housing_equity,-0.11
cbo_feb_2026,2035,tp_emtr_capital_housing_equity,-0.1
cbo_feb_2026,2036,tp_emtr_capital_housing_equity,-0.1
cbo_feb_2026,2026,tp_emtr_capital_housing_incl_land,7.14
cbo_feb_2026,2027,tp_emtr_capital_housing_incl_land,6.84
cbo_feb_2026,2028,tp_emtr_capital_housing_incl_land,6.47
cbo_feb_2026,2029,tp_emtr_capital_housing_incl_land,6.04
cbo_feb_2026,2030,tp_emtr_capital_housing_incl_land,8.08
cbo_feb_2026,2031,tp_emtr_capital_housing_incl_land,7.87
cbo_feb_2026,2032,tp_emtr_capital_housing_incl_land,7.63
cbo_feb_2026,2033,tp_emtr_capital_housing_incl_land,7.59
cbo_feb_2026,2034,tp_emtr_capital_housing_incl_land,7.43
cbo_feb_2026,2035,tp_emtr_capital_housing_incl_land,7.36
cbo_feb_2026,2036,tp_emtr_capital_housing_incl_land,7.43
cbo_feb_2026,2026,tp_emtr_capital_overall,11.7
cbo_feb_2026,2027,tp_emtr_capital_overall,12.07
cbo_feb_2026,2028,tp_emtr_capital_overall,11.98
cbo_feb_2026,2029,tp_emtr_capital_overall,13.04
cbo_feb_2026,2030,tp_emtr_capital_overall,13.86
cbo_feb_2026,2031,tp_emtr_capital_overall,13.81
cbo_feb_2026,2032,tp_emtr_capital_overall,13.74
cbo_feb_2026,2033,tp_emtr_capital_overall,13.77
cbo_feb_2026,2034,tp_emtr_capital_overall,13.75
cbo_feb_2026,2035,tp_emtr_capital_overall,13.73
cbo_feb_2026,2036,tp_emtr_capital_overall,13.85
cbo_feb_2026,2026,tp_emtr_capital_overall_incl_land,12.86
cbo_feb_2026,2027,tp_emtr_capital_overall_incl_land,13.07
cbo_feb_2026,2028,tp_emtr_capital_overall_incl_land,12.93
cbo_feb_2026,2029,tp_emtr_capital_overall_incl_land,13.58
cbo_feb_2026,2030,tp_emtr_capital_overall_incl_land,14.52
cbo_feb_2026,2031,tp_emtr_capital_overall_incl_land,14.45
cbo_feb_2026,2032,tp_emtr_capital_overall_incl_land,14.36
cbo_feb_2026,2033,tp_emtr_capital_overall_incl_land,14.39
cbo_feb_2026,2034,tp_emtr_capital_overall_incl_land,14.35
cbo_feb_2026,2035,tp_emtr_capital_overall_incl_land,14.33
cbo_feb_2026,2036,tp_emtr_capital_overall_incl_land,14.45
cbo_feb_2026,2026,tp_emtr_labor_combined,27.206
cbo_feb_2026,2027,tp_emtr_labor_combined,27.292
cbo_feb_2026,2028,tp_emtr_labor_combined,27.392
cbo_feb_2026,2029,tp_emtr_labor_combined,27.703
cbo_feb_2026,2030,tp_emtr_labor_combined,27.996
cbo_feb_2026,2031,tp_emtr_labor_combined,28.066
cbo_feb_2026,2032,tp_emtr_labor_combined,28.153
cbo_feb_2026,2033,tp_emtr_labor_combined,28.294
cbo_feb_2026,2034,tp_emtr_labor_combined,28.372
cbo_feb_2026,2035,tp_emtr_labor_combined,28.474
cbo_feb_2026,2036,tp_emtr_labor_combined,28.581
cbo_feb_2026,2026,tp_emtr_labor_iit,18.402
cbo_feb_2026,2027,tp_emtr_labor_iit,18.519
cbo_feb_2026,2028,tp_emtr_labor_iit,18.651
cbo_feb_2026,2029,tp_emtr_labor_iit,18.964
cbo_feb_2026,2030,tp_emtr_labor_iit,19.257
cbo_feb_2026,2031,tp_emtr_labor_iit,19.329
cbo_feb_2026,2032,tp_emtr_labor_iit,19.419
cbo_feb_2026,2033,tp_emtr_labor_iit,19.562
cbo_feb_2026,2034,tp_emtr_labor_iit,19.65
cbo_feb_2026,2035,tp_emtr_labor_iit,19.753
cbo_feb_2026,2036,tp_emtr_labor_iit,19.868
cbo_feb_2026,2026,tp_emtr_labor_payroll,8.803
cbo_feb_2026,2027,tp_emtr_labor_payroll,8.773
cbo_feb_2026,2028,tp_emtr_labor_payroll,8.741
cbo_feb_2026,2029,tp_emtr_labor_payroll,8.739
cbo_feb_2026,2030,tp_emtr_labor_payroll,8.739
cbo_feb_2026,2031,tp_emtr_labor_payroll,8.737
cbo_feb_2026,2032,tp_emtr_labor_payroll,8.735
cbo_feb_2026,2033,tp_emtr_labor_payroll,8.732
cbo_feb_2026,2034,tp_emtr_labor_payroll,8.723
cbo_feb_2026,2035,tp_emtr_labor_payroll,8.721
cbo_feb_2026,2036,tp_emtr_labor_payroll,8.713
cbo_feb_2026,2022,tp_n_statutory_rates,7.0
cbo_feb_2026,2023,tp_n_statutory_rates,7.0
cbo_feb_2026,2024,tp_n_statutory_rates,7.0
cbo_feb_2026,2025,tp_n_statutory_rates,7.0
cbo_feb_2026,2026,tp_n_statutory_rates,7.0
cbo_feb_2026,2027,tp_n_statutory_rates,7.0
cbo_feb_2026,2028,tp_n_statutory_rates,7.0
cbo_feb_2026,2029,tp_n_statutory_rates,7.0
cbo_feb_2026,2030,tp_n_statutory_rates,7.0
cbo_feb_2026,2031,tp_n_statutory_rates,7.0
cbo_feb_2026,2032,tp_n_statutory_rates,7.0
cbo_feb_2026,2033,tp_n_statutory_rates,7.0
cbo_feb_2026,2034,tp_n_statutory_rates,7.0
cbo_feb_2026,2035,tp_n_statutory_rates,7.0
cbo_feb_2026,2036,tp_n_statutory_rates,7.0
cbo_feb_2026,2022,tp_rate_1,10.0
cbo_feb_2026,2023,tp_rate_1,10.0
cbo_feb_2026,2024,tp_rate_1,10.0
cbo_feb_2026,2025,tp_rate_1,10.0
cbo_feb_2026,2026,tp_rate_1,10.0
cbo_feb_2026,2027,tp_rate_1,10.0
cbo_feb_2026,2028,tp_rate_1,10.0
cbo_feb_2026,2029,tp_rate_1,10.0
cbo_feb_2026,2030,tp_rate_1,10.0
cbo_feb_2026,2031,tp_rate_1,10.0
cbo_feb_2026,2032,tp_rate_1,10.0
cbo_feb_2026,2033,tp_rate_1,10.0
cbo_feb_2026,2034,tp_rate_1,10.0
cbo_feb_2026,2035,tp_rate_1,10.0
cbo_feb_2026,2036,tp_rate_1,10.0
cbo_feb_2026,2022,tp_rate_2,12.0
cbo_feb_2026,2023,tp_rate_2,12.0
cbo_feb_2026,2024,tp_rate_2,12.0
cbo_feb_2026,2025,tp_rate_2,12.0
cbo_feb_2026,2026,tp_rate_2,12.0
cbo_feb_2026,2027,tp_rate_2,12.0
cbo_feb_2026,2028,tp_rate_2,12.0
cbo_feb_2026,2029,tp_rate_2,12.0
cbo_feb_2026,2030,tp_rate_2,12.0
cbo_feb_2026,2031,tp_rate_2,12.0
cbo_feb_2026,2032,tp_rate_2,12.0
cbo_feb_2026,2033,tp_rate_2,12.0
cbo_feb_2026,2034,tp_rate_2,12.0
cbo_feb_2026,2035,tp_rate_2,12.0
cbo_feb_2026,2036,tp_rate_2,12.0
cbo_feb_2026,2022,tp_rate_3,22.0
cbo_feb_2026,2023,tp_rate_3,22.0
cbo_feb_2026,2024,tp_rate_3,22.0
cbo_feb_2026,2025,tp_rate_3,22.0
cbo_feb_2026,2026,tp_rate_3,22.0
cbo_feb_2026,2027,tp_rate_3,22.0
cbo_feb_2026,2028,tp_rate_3,22.0
cbo_feb_2026,2029,tp_rate_3,22.0
cbo_feb_2026,2030,tp_rate_3,22.0
cbo_feb_2026,2031,tp_rate_3,22.0
cbo_feb_2026,2032,tp_rate_3,22.0
cbo_feb_2026,2033,tp_rate_3,22.0
cbo_feb_2026,2034,tp_rate_3,22.0
cbo_feb_2026,2035,tp_rate_3,22.0
cbo_feb_2026,2036,tp_rate_3,22.0
cbo_feb_2026,2022,tp_rate_4,24.0
cbo_feb_2026,2023,tp_rate_4,24.0
cbo_feb_2026,2024,tp_rate_4,24.0
cbo_feb_2026,2025,tp_rate_4,24.0
cbo_feb_2026,2026,tp_rate_4,24.0
cbo_feb_2026,2027,tp_rate_4,24.0
cbo_feb_2026,2028,tp_rate_4,24.0
cbo_feb_2026,2029,tp_rate_4,24.0
cbo_feb_2026,2030,tp_rate_4,24.0
cbo_feb_2026,2031,tp_rate_4,24.0
cbo_feb_2026,2032,tp_rate_4,24.0
cbo_feb_2026,2033,tp_rate_4,24.0
cbo_feb_2026,2034,tp_rate_4,24.0
cbo_feb_2026,2035,tp_rate_4,24.0
cbo_feb_2026,2036,tp_rate_4,24.0
cbo_feb_2026,2022,tp_rate_5,32.0
cbo_feb_2026,2023,tp_rate_5,32.0
cbo_feb_2026,2024,tp_rate_5,32.0
cbo_feb_2026,2025,tp_rate_5,32.0
cbo_feb_2026,2026,tp_rate_5,32.0
cbo_feb_2026,2027,tp_rate_5,32.0
cbo_feb_2026,2028,tp_rate_5,32.0
cbo_feb_2026,2029,tp_rate_5,32.0
cbo_feb_2026,2030,tp_rate_5,32.0
cbo_feb_2026,2031,tp_rate_5,32.0
cbo_feb_2026,2032,tp_rate_5,32.0
cbo_feb_2026,2033,tp_rate_5,32.0
cbo_feb_2026,2034,tp_rate_5,32.0
cbo_feb_2026,2035,tp_rate_5,32.0
cbo_feb_2026,2036,tp_rate_5,32.0
cbo_feb_2026,2022,tp_rate_6,35.0
cbo_feb_2026,2023,tp_rate_6,35.0
cbo_feb_2026,2024,tp_rate_6,35.0
cbo_feb_2026,2025,tp_rate_6,35.0
cbo_feb_2026,2026,tp_rate_6,35.0
cbo_feb_2026,2027,tp_rate_6,35.0
cbo_feb_2026,2028,tp_rate_6,35.0
cbo_feb_2026,2029,tp_rate_6,35.0
cbo_feb_2026,2030,tp_rate_6,35.0
cbo_feb_2026,2031,tp_rate_6,35.0
cbo_feb_2026,2032,tp_rate_6,35.0
cbo_feb_2026,2033,tp_rate_6,35.0
cbo_feb_2026,2034,tp_rate_6,35.0
cbo_feb_2026,2035,tp_rate_6,35.0
cbo_feb_2026,2036,tp_rate_6,35.0
cbo_feb_2026,2022,tp_rate_7,37.0
cbo_feb_2026,2023,tp_rate_7,37.0
cbo_feb_2026,2024,tp_rate_7,37.0
cbo_feb_2026,2025,tp_rate_7,37.0
cbo_feb_2026,2026,tp_rate_7,37.0
cbo_feb_2026,2027,tp_rate_7,37.0
cbo_feb_2026,2028,tp_rate_7,37.0
cbo_feb_2026,2029,tp_rate_7,37.0
cbo_feb_2026,2030,tp_rate_7,37.0
cbo_feb_2026,2031,tp_rate_7,37.0
cbo_feb_2026,2032,tp_rate_7,37.0
cbo_feb_2026,2033,tp_rate_7,37.0
cbo_feb_2026,2034,tp_rate_7,37.0
cbo_feb_2026,2035,tp_rate_7,37.0
cbo_feb_2026,2036,tp_rate_7,37.0
cbo_feb_2026,2022,tp_salt_limit_hoh,10000.0
cbo_feb_2026,2023,tp_salt_limit_hoh,10000.0
cbo_feb_2026,2024,tp_salt_limit_hoh,10000.0
cbo_feb_2026,2025,tp_salt_limit_hoh,40000.0
cbo_feb_2026,2026,tp_salt_limit_hoh,40400.0
cbo_feb_2026,2027,tp_salt_limit_hoh,40804.0
cbo_feb_2026,2028,tp_salt_limit_hoh,41212.04
cbo_feb_2026,2029,tp_salt_limit_hoh,41624.1604
cbo_feb_2026,2030,tp_salt_limit_hoh,10000.0
cbo_feb_2026,2031,tp_salt_limit_hoh,10000.0
cbo_feb_2026,2032,tp_salt_limit_hoh,10000.0
cbo_feb_2026,2033,tp_salt_limit_hoh,10000.0
cbo_feb_2026,2034,tp_salt_limit_hoh,10000.0
cbo_feb_2026,2035,tp_salt_limit_hoh,10000.0
cbo_feb_2026,2036,tp_salt_limit_hoh,10000.0
cbo_feb_2026,2022,tp_salt_limit_mfj,10000.0
cbo_feb_2026,2023,tp_salt_limit_mfj,10000.0
cbo_feb_2026,2024,tp_salt_limit_mfj,10000.0
cbo_feb_2026,2025,tp_salt_limit_mfj,40000.0
cbo_feb_2026,2026,tp_salt_limit_mfj,40400.0
cbo_feb_2026,2027,tp_salt_limit_mfj,40804.0
cbo_feb_2026,2028,tp_salt_limit_mfj,41212.04
cbo_feb_2026,2029,tp_salt_limit_mfj,41624.1604
cbo_feb_2026,2030,tp_salt_limit_mfj,10000.0
cbo_feb_2026,2031,tp_salt_limit_mfj,10000.0
cbo_feb_2026,2032,tp_salt_limit_mfj,10000.0
cbo_feb_2026,2033,tp_salt_limit_mfj,10000.0
cbo_feb_2026,2034,tp_salt_limit_mfj,10000.0
cbo_feb_2026,2035,tp_salt_limit_mfj,10000.0
cbo_feb_2026,2036,tp_salt_limit_mfj,10000.0
cbo_feb_2026,2022,tp_salt_limit_mfs,5000.0
cbo_feb_2026,2023,tp_salt_limit_mfs,5000.0
cbo_feb_2026,2024,tp_salt_limit_mfs,5000.0
cbo_feb_2026,2025,tp_salt_limit_mfs,20000.0
cbo_feb_2026,2026,tp_salt_limit_mfs,20200.0
cbo_feb_2026,2027,tp_salt_limit_mfs,20402.0
cbo_feb_2026,2028,tp_salt_limit_mfs,20606.02
cbo_feb_2026,2029,tp_salt_limit_mfs,20812.0802
cbo_feb_2026,2030,tp_salt_limit_mfs,5000.0
cbo_feb_2026,2031,tp_salt_limit_mfs,5000.0
cbo_feb_2026,2032,tp_salt_limit_mfs,5000.0
cbo_feb_2026,2033,tp_salt_limit_mfs,5000.0
cbo_feb_2026,2034,tp_salt_limit_mfs,5000.0
cbo_feb_2026,2035,tp_salt_limit_mfs,5000.0
cbo_feb_2026,2036,tp_salt_limit_mfs,5000.0
cbo_feb_2026,2022,tp_salt_limit_single,10000.0
cbo_feb_2026,2023,tp_salt_limit_single,10000.0
cbo_feb_2026,2024,tp_salt_limit_single,10000.0
cbo_feb_2026,2025,tp_salt_limit_single,40000.0
cbo_feb_2026,2026,tp_salt_limit_single,40400.0
cbo_feb_2026,2027,tp_salt_limit_single,40804.0
cbo_feb_2026,2028,tp_salt_limit_single,41212.04
cbo_feb_2026,2029,tp_salt_limit_single,41624.1604
cbo_feb_2026,2030,tp_salt_limit_single,10000.0
cbo_feb_2026,2031,tp_salt_limit_single,10000.0
cbo_feb_2026,2032,tp_salt_limit_single,10000.0
cbo_feb_2026,2033,tp_salt_limit_single,10000.0
cbo_feb_2026,2034,tp_salt_limit_single,10000.0
cbo_feb_2026,2035,tp_salt_limit_single,10000.0
cbo_feb_2026,2036,tp_salt_limit_single,10000.0
cbo_feb_2026,2022,tp_ss_max_earnings,147000.0
cbo_feb_2026,2023,tp_ss_max_earnings,160200.0
cbo_feb_2026,2024,tp_ss_max_earnings,168600.0
cbo_feb_2026,2025,tp_ss_max_earnings,176100.0
cbo_feb_2026,2026,tp_ss_max_earnings,184500.0
cbo_feb_2026,2027,tp_ss_max_earnings,191100.0
cbo_feb_2026,2028,tp_ss_max_earnings,198000.0
cbo_feb_2026,2029,tp_ss_max_earnings,205500.0
cbo_feb_2026,2030,tp_ss_max_earnings,212700.0
cbo_feb_2026,2031,tp_ss_max_earnings,219900.0
cbo_feb_2026,2032,tp_ss_max_earnings,227100.0
cbo_feb_2026,2033,tp_ss_max_earnings,234900.0
cbo_feb_2026,2034,tp_ss_max_earnings,242400.0
cbo_feb_2026,2035,tp_ss_max_earnings,250500.0
cbo_feb_2026,2036,tp_ss_max_earnings,258600.0
cbo_feb_2026,2022,tp_std_deduction_dependent,1150.0
cbo_feb_2026,2023,tp_std_deduction_dependent,1250.0
cbo_feb_2026,2024,tp_std_deduction_dependent,1300.0
cbo_feb_2026,2025,tp_std_deduction_dependent,1350.0
cbo_feb_2026,2026,tp_std_deduction_dependent,1350.0
cbo_feb_2026,2027,tp_std_deduction_dependent,1400.0
cbo_feb_2026,2028,tp_std_deduction_dependent,1450.0
cbo_feb_2026,2029,tp_std_deduction_dependent,1450.0
cbo_feb_2026,2030,tp_std_deduction_dependent,1500.0
cbo_feb_2026,2031,tp_std_deduction_dependent,1500.0
cbo_feb_2026,2032,tp_std_deduction_dependent,1550.0
cbo_feb_2026,2033,tp_std_deduction_dependent,1600.0
cbo_feb_2026,2034,tp_std_deduction_dependent,1600.0
cbo_feb_2026,2035,tp_std_deduction_dependent,1650.0
cbo_feb_2026,2036,tp_std_deduction_dependent,1700.0
cbo_feb_2026,2022,tp_std_deduction_hoh,19400.0
cbo_feb_2026,2023,tp_std_deduction_hoh,20800.0
cbo_feb_2026,2024,tp_std_deduction_hoh,21900.0
cbo_feb_2026,2025,tp_std_deduction_hoh,23625.0
cbo_feb_2026,2026,tp_std_deduction_hoh,24150.0
cbo_feb_2026,2027,tp_std_deduction_hoh,24800.0
cbo_feb_2026,2028,tp_std_deduction_hoh,25350.0
cbo_feb_2026,2029,tp_std_deduction_hoh,25900.0
cbo_feb_2026,2030,tp_std_deduction_hoh,26400.0
cbo_feb_2026,2031,tp_std_deduction_hoh,26950.0
cbo_feb_2026,2032,tp_std_deduction_hoh,27450.0
cbo_feb_2026,2033,tp_std_deduction_hoh,28000.0
cbo_feb_2026,2034,tp_std_deduction_hoh,28550.0
cbo_feb_2026,2035,tp_std_deduction_hoh,29100.0
cbo_feb_2026,2036,tp_std_deduction_hoh,29700.0
cbo_feb_2026,2022,tp_std_deduction_mfj,25900.0
cbo_feb_2026,2023,tp_std_deduction_mfj,27700.0
cbo_feb_2026,2024,tp_std_deduction_mfj,29200.0
cbo_feb_2026,2025,tp_std_deduction_mfj,31500.0
cbo_feb_2026,2026,tp_std_deduction_mfj,32200.0
cbo_feb_2026,2027,tp_std_deduction_mfj,33000.0
cbo_feb_2026,2028,tp_std_deduction_mfj,33800.0
cbo_feb_2026,2029,tp_std_deduction_mfj,34500.0
cbo_feb_2026,2030,tp_std_deduction_mfj,35200.0
cbo_feb_2026,2031,tp_std_deduction_mfj,35900.0
cbo_feb_2026,2032,tp_std_deduction_mfj,36600.0
cbo_feb_2026,2033,tp_std_deduction_mfj,37300.0
cbo_feb_2026,2034,tp_std_deduction_mfj,38100.0
cbo_feb_2026,2035,tp_std_deduction_mfj,38800.0
cbo_feb_2026,2036,tp_std_deduction_mfj,39600.0
cbo_feb_2026,2022,tp_std_deduction_mfs,12950.0
cbo_feb_2026,2023,tp_std_deduction_mfs,13850.0
cbo_feb_2026,2024,tp_std_deduction_mfs,14600.0
cbo_feb_2026,2025,tp_std_deduction_mfs,15750.0
cbo_feb_2026,2026,tp_std_deduction_mfs,16100.0
cbo_feb_2026,2027,tp_std_deduction_mfs,16500.0
cbo_feb_2026,2028,tp_std_deduction_mfs,16900.0
cbo_feb_2026,2029,tp_std_deduction_mfs,17250.0
cbo_feb_2026,2030,tp_std_deduction_mfs,17600.0
cbo_feb_2026,2031,tp_std_deduction_mfs,17950.0
cbo_feb_2026,2032,tp_std_deduction_mfs,18300.0
cbo_feb_2026,2033,tp_std_deduction_mfs,18650.0
cbo_feb_2026,2034,tp_std_deduction_mfs,19050.0
cbo_feb_2026,2035,tp_std_deduction_mfs,19400.0
cbo_feb_2026,2036,tp_std_deduction_mfs,19800.0
cbo_feb_2026,2022,tp_std_deduction_single,12950.0
cbo_feb_2026,2023,tp_std_deduction_single,13850.0
cbo_feb_2026,2024,tp_std_deduction_single,14600.0
cbo_feb_2026,2025,tp_std_deduction_single,15750.0
cbo_feb_2026,2026,tp_std_deduction_single,16100.0
cbo_feb_2026,2027,tp_std_deduction_single,16500.0
cbo_feb_2026,2028,tp_std_deduction_single,16900.0
cbo_feb_2026,2029,tp_std_deduction_single,17250.0
cbo_feb_2026,2030,tp_std_deduction_single,17600.0
cbo_feb_2026,2031,tp_std_deduction_single,17950.0
cbo_feb_2026,2032,tp_std_deduction_single,18300.0
cbo_feb_2026,2033,tp_std_deduction_single,18650.0
cbo_feb_2026,2034,tp_std_deduction_single,19050.0
cbo_feb_2026,2035,tp_std_deduction_single,19400.0
cbo_feb_2026,2036,tp_std_deduction_single,19800.0
cbo_feb_2026,2026,tp_wedge_business,0.97
cbo_feb_2026,2027,tp_wedge_business,1.0
cbo_feb_2026,2028,tp_wedge_business,1.0
cbo_feb_2026,2029,tp_wedge_business,1.1
cbo_feb_2026,2030,tp_wedge_business,1.11
cbo_feb_2026,2031,tp_wedge_business,1.11
cbo_feb_2026,2032,tp_wedge_business,1.11
cbo_feb_2026,2033,tp_wedge_business,1.12
cbo_feb_2026,2034,tp_wedge_business,1.12
cbo_feb_2026,2035,tp_wedge_business,1.12
cbo_feb_2026,2036,tp_wedge_business,1.13
cbo_feb_2026,2026,tp_wedge_business_c_corp,1.13
cbo_feb_2026,2027,tp_wedge_business_c_corp,1.17
cbo_feb_2026,2028,tp_wedge_business_c_corp,1.17
cbo_feb_2026,2029,tp_wedge_business_c_corp,1.26
cbo_feb_2026,2030,tp_wedge_business_c_corp,1.27
cbo_feb_2026,2031,tp_wedge_business_c_corp,1.27
cbo_feb_2026,2032,tp_wedge_business_c_corp,1.27
cbo_feb_2026,2033,tp_wedge_business_c_corp,1.28
cbo_feb_2026,2034,tp_wedge_business_c_corp,1.28
cbo_feb_2026,2035,tp_wedge_business_c_corp,1.28
cbo_feb_2026,2036,tp_wedge_business_c_corp,1.29
cbo_feb_2026,2026,tp_wedge_business_debt,0.25
cbo_feb_2026,2027,tp_wedge_business_debt,0.3
cbo_feb_2026,2028,tp_wedge_business_debt,0.31
cbo_feb_2026,2029,tp_wedge_business_debt,0.42
cbo_feb_2026,2030,tp_wedge_business_debt,0.43
cbo_feb_2026,2031,tp_wedge_business_debt,0.43
cbo_feb_2026,2032,tp_wedge_business_debt,0.43
cbo_feb_2026,2033,tp_wedge_business_debt,0.44
cbo_feb_2026,2034,tp_wedge_business_debt,0.44
cbo_feb_2026,2035,tp_wedge_business_debt,0.44
cbo_feb_2026,2036,tp_wedge_business_debt,0.45
cbo_feb_2026,2026,tp_wedge_business_diff_asset_pairs,1.11
cbo_feb_2026,2027,tp_wedge_business_diff_asset_pairs,1.08
cbo_feb_2026,2028,tp_wedge_business_diff_asset_pairs,1.07
cbo_feb_2026,2029,tp_wedge_business_diff_asset_pairs,1.04
cbo_feb_2026,2030,tp_wedge_business_diff_asset_pairs,1.04
cbo_feb_2026,2031,tp_wedge_business_diff_asset_pairs,1.04
cbo_feb_2026,2032,tp_wedge_business_diff_asset_pairs,1.04
cbo_feb_2026,2033,tp_wedge_business_diff_asset_pairs,1.04
cbo_feb_2026,2034,tp_wedge_business_diff_asset_pairs,1.04
cbo_feb_2026,2035,tp_wedge_business_diff_asset_pairs,1.04
cbo_feb_2026,2036,tp_wedge_business_diff_asset_pairs,1.04
cbo_feb_2026,2026,tp_wedge_business_diff_financing,1.05
cbo_feb_2026,2027,tp_wedge_business_diff_financing,1.03
cbo_feb_2026,2028,tp_wedge_business_diff_financing,1.02
cbo_feb_2026,2029,tp_wedge_business_diff_financing,1.01
cbo_feb_2026,2030,tp_wedge_business_diff_financing,1.01
cbo_feb_2026,2031,tp_wedge_business_diff_financing,1.0
cbo_feb_2026,2032,tp_wedge_business_diff_financing,1.0
cbo_feb_2026,2033,tp_wedge_business_diff_financing,1.0
cbo_feb_2026,2034,tp_wedge_business_diff_financing,1.0
cbo_feb_2026,2035,tp_wedge_business_diff_financing,1.0
cbo_feb_2026,2036,tp_wedge_business_diff_financing,0.99
cbo_feb_2026,2026,tp_wedge_business_diff_industry_pairs,0.09
cbo_feb_2026,2027,tp_wedge_business_diff_industry_pairs,0.04
cbo_feb_2026,2028,tp_wedge_business_diff_industry_pairs,0.03
cbo_feb_2026,2029,tp_wedge_business_diff_industry_pairs,0.02
cbo_feb_2026,2030,tp_wedge_business_diff_industry_pairs,0.01
cbo_feb_2026,2031,tp_wedge_business_diff_industry_pairs,0.01
cbo_feb_2026,2032,tp_wedge_business_diff_industry_pairs,0.01
cbo_feb_2026,2033,tp_wedge_business_diff_industry_pairs,0.01
cbo_feb_2026,2034,tp_wedge_business_diff_industry_pairs,0.01
cbo_feb_2026,2035,tp_wedge_business_diff_industry_pairs,0.01
cbo_feb_2026,2036,tp_wedge_business_diff_industry_pairs,0.01
cbo_feb_2026,2026,tp_wedge_business_diff_legal_form,0.46
cbo_feb_2026,2027,tp_wedge_business_diff_legal_form,0.46
cbo_feb_2026,2028,tp_wedge_business_diff_legal_form,0.46
cbo_feb_2026,2029,tp_wedge_business_diff_legal_form,0.43
cbo_feb_2026,2030,tp_wedge_business_diff_legal_form,0.43
cbo_feb_2026,2031,tp_wedge_business_diff_legal_form,0.43
cbo_feb_2026,2032,tp_wedge_business_diff_legal_form,0.44
cbo_feb_2026,2033,tp_wedge_business_diff_legal_form,0.44
cbo_feb_2026,2034,tp_wedge_business_diff_legal_form,0.44
cbo_feb_2026,2035,tp_wedge_business_diff_legal_form,0.44
cbo_feb_2026,2036,tp_wedge_business_diff_legal_form,0.44
cbo_feb_2026,2026,tp_wedge_business_equity,1.3
cbo_feb_2026,2027,tp_wedge_business_equity,1.33
cbo_feb_2026,2028,tp_wedge_business_equity,1.33
cbo_feb_2026,2029,tp_wedge_business_equity,1.43
cbo_feb_2026,2030,tp_wedge_business_equity,1.43
cbo_feb_2026,2031,tp_wedge_business_equity,1.43
cbo_feb_2026,2032,tp_wedge_business_equity,1.43
cbo_feb_2026,2033,tp_wedge_business_equity,1.44
cbo_feb_2026,2034,tp_wedge_business_equity,1.44
cbo_feb_2026,2035,tp_wedge_business_equity,1.44
cbo_feb_2026,2036,tp_wedge_business_equity,1.44
cbo_feb_2026,2026,tp_wedge_business_passthrough,0.67
cbo_feb_2026,2027,tp_wedge_business_passthrough,0.71
cbo_feb_2026,2028,tp_wedge_business_passthrough,0.71
cbo_feb_2026,2029,tp_wedge_business_passthrough,0.83
cbo_feb_2026,2030,tp_wedge_business_passthrough,0.84
cbo_feb_2026,2031,tp_wedge_business_passthrough,0.84
cbo_feb_2026,2032,tp_wedge_business_passthrough,0.83
cbo_feb_2026,2033,tp_wedge_business_passthrough,0.84
cbo_feb_2026,2034,tp_wedge_business_passthrough,0.84
cbo_feb_2026,2035,tp_wedge_business_passthrough,0.84
cbo_feb_2026,2036,tp_wedge_business_passthrough,0.85
cbo_feb_2026,2026,tp_wedge_diff_housing_business,-0.97
cbo_feb_2026,2027,tp_wedge_diff_housing_business,-1.04
cbo_feb_2026,2028,tp_wedge_diff_housing_business,-1.08
cbo_feb_2026,2029,tp_wedge_diff_housing_business,-1.2
cbo_feb_2026,2030,tp_wedge_diff_housing_business,-1.04
cbo_feb_2026,2031,tp_wedge_diff_housing_business,-1.06
cbo_feb_2026,2032,tp_wedge_diff_housing_business,-1.07
cbo_feb_2026,2033,tp_wedge_diff_housing_business,-1.08
cbo_feb_2026,2034,tp_wedge_diff_housing_business,-1.09
cbo_feb_2026,2035,tp_wedge_diff_housing_business,-1.1
cbo_feb_2026,2036,tp_wedge_diff_housing_business,-1.11
cbo_feb_2026,2026,tp_wedge_diff_owner_renter,-1.51
cbo_feb_2026,2027,tp_wedge_diff_owner_renter,-1.55
cbo_feb_2026,2028,tp_wedge_diff_owner_renter,-1.58
cbo_feb_2026,2029,tp_wedge_diff_owner_renter,-1.61
cbo_feb_2026,2030,tp_wedge_diff_owner_renter,-1.45
cbo_feb_2026,2031,tp_wedge_diff_owner_renter,-1.46
cbo_feb_2026,2032,tp_wedge_diff_owner_renter,-1.47
cbo_feb_2026,2033,tp_wedge_diff_owner_renter,-1.49
cbo_feb_2026,2034,tp_wedge_diff_owner_renter,-1.5
cbo_feb_2026,2035,tp_wedge_diff_owner_renter,-1.51
cbo_feb_2026,2036,tp_wedge_diff_owner_renter,-1.52
cbo_feb_2026,2026,tp_wedge_housing,-0.01
cbo_feb_2026,2026,tp_wedge_housing,-0.01
cbo_feb_2026,2027,tp_wedge_housing,-0.03
cbo_feb_2026,2027,tp_wedge_housing,-0.03
cbo_feb_2026,2028,tp_wedge_housing,-0.07
cbo_feb_2026,2028,tp_wedge_housing,-0.07
cbo_feb_2026,2029,tp_wedge_housing,-0.09
cbo_feb_2026,2029,tp_wedge_housing,-0.09
cbo_feb_2026,2030,tp_wedge_housing,0.07
cbo_feb_2026,2030,tp_wedge_housing,0.07
cbo_feb_2026,2031,tp_wedge_housing,0.06
cbo_feb_2026,2031,tp_wedge_housing,0.06
cbo_feb_2026,2032,tp_wedge_housing,0.04
cbo_feb_2026,2032,tp_wedge_housing,0.04
cbo_feb_2026,2033,tp_wedge_housing,0.03
cbo_feb_2026,2033,tp_wedge_housing,0.03
cbo_feb_2026,2034,tp_wedge_housing,0.02
cbo_feb_2026,2034,tp_wedge_housing,0.02
cbo_feb_2026,2035,tp_wedge_housing,0.02
cbo_feb_2026,2035,tp_wedge_housing,0.02
cbo_feb_2026,2036,tp_wedge_housing,0.02
cbo_feb_2026,2036,tp_wedge_housing,0.02
cbo_feb_2026,2026,tp_wedge_housing_debt,0.13
cbo_feb_2026,2027,tp_wedge_housing_debt,0.05
cbo_feb_2026,2028,tp_wedge_housing_debt,-0.04
cbo_feb_2026,2029,tp_wedge_housing_debt,-0.1
cbo_feb_2026,2030,tp_wedge_housing_debt,0.22
cbo_feb_2026,2031,tp_wedge_housing_debt,0.18
cbo_feb_2026,2032,tp_wedge_housing_debt,0.14
cbo_feb_2026,2033,tp_wedge_housing_debt,0.11
cbo_feb_2026,2034,tp_wedge_housing_debt,0.08
cbo_feb_2026,2035,tp_wedge_housing_debt,0.07
cbo_feb_2026,2036,tp_wedge_housing_debt,0.06
cbo_feb_2026,2026,tp_wedge_housing_diff_financing,-0.21
cbo_feb_2026,2027,tp_wedge_housing_diff_financing,-0.14
cbo_feb_2026,2028,tp_wedge_housing_diff_financing,-0.04
cbo_feb_2026,2029,tp_wedge_housing_diff_financing,0.01
cbo_feb_2026,2030,tp_wedge_housing_diff_financing,-0.23
cbo_feb_2026,2031,tp_wedge_housing_diff_financing,-0.19
cbo_feb_2026,2032,tp_wedge_housing_diff_financing,-0.15
cbo_feb_2026,2033,tp_wedge_housing_diff_financing,-0.12
cbo_feb_2026,2034,tp_wedge_housing_diff_financing,-0.09
cbo_feb_2026,2035,tp_wedge_housing_diff_financing,-0.08
cbo_feb_2026,2036,tp_wedge_housing_diff_financing,-0.07
cbo_feb_2026,2026,tp_wedge_housing_equity,-0.08
cbo_feb_2026,2027,tp_wedge_housing_equity,-0.08
cbo_feb_2026,2028,tp_wedge_housing_equity,-0.09
cbo_feb_2026,2029,tp_wedge_housing_equity,-0.09
cbo_feb_2026,2030,tp_wedge_housing_equity,-0.01
cbo_feb_2026,2031,tp_wedge_housing_equity,-0.01
cbo_feb_2026,2032,tp_wedge_housing_equity,-0.01
cbo_feb_2026,2033,tp_wedge_housing_equity,-0.01
cbo_feb_2026,2034,tp_wedge_housing_equity,-0.01
cbo_feb_2026,2035,tp_wedge_housing_equity,-0.01
cbo_feb_2026,2036,tp_wedge_housing_equity,-0.01
cbo_feb_2026,2026,tp_wedge_renter_structures,1.51
cbo_feb_2026,2027,tp_wedge_renter_structures,1.51
cbo_feb_2026,2028,tp_wedge_renter_structures,1.51
cbo_feb_2026,2029,tp_wedge_renter_structures,1.52
cbo_feb_2026,2030,tp_wedge_renter_structures,1.52
cbo_feb_2026,2031,tp_wedge_renter_structures,1.52
cbo_feb_2026,2032,tp_wedge_renter_structures,1.52
cbo_feb_2026,2033,tp_wedge_renter_structures,1.52
cbo_feb_2026,2034,tp_wedge_renter_structures,1.53
cbo_feb_2026,2035,tp_wedge_renter_structures,1.53
cbo_feb_2026,2036,tp_wedge_renter_structures,1.54
